feature1,feature2,feature3,feature4,feature5,feature6,feature7,feature8,feature9,feature10,target
3.745401188473625,6.981617140197452,1.8513292883861965,5.190817851362181,2.6170568373590597,8.27518922106303,6.72702994208898,2.8651954892712297,5.719958782835928,5.992992870063887,0
9.50714306409916,5.360963663441204,5.419009473783581,4.79181877629731,2.469787990719998,7.645277946547177,7.966813971913723,8.026403123529297,8.054323292999863,5.137078552153048,0
7.319939418114051,3.0952761628632777,8.729458358764083,0.2564206580643569,9.062545805210366,5.735289514555733,2.50467898792499,9.972378999036026,7.60160929790159,2.881845259595295,1
5.986584841970366,8.137950197069486,7.322248864095612,3.4124782762615635,2.495461998495061,9.56047143611933,6.248740996069989,0.30026005329392813,1.5389990469377368,0.06464357789710551,0
1.5601864044243652,6.847311725538793,8.065611478614498,3.8019561878585706,2.71949726128631,2.004745155284028,5.717459831437487,8.973658657909318,1.492494697414739,4.962392219008139,1
1.5599452033620265,1.626169393448913,6.587833667107174,3.988227808969005,7.593982624179637,1.0926421030962141,8.32830376788271,6.226305335986581,2.6817436774491332,2.856259885622431,0
0.5808361216819946,9.109271844938425,6.922765645178525,5.801723692273323,4.4973984245054,8.539619669554222,9.060870604812605,9.733826191648213,3.610747263410372,7.346083007105351,1
8.661761457749352,8.22537242923169,8.491956515653193,5.336025467268785,7.767105569551812,4.391498166337483,0.12156771477386807,4.650095175264276,4.084555814084826,0.2394626527048349,1
6.011150117432088,9.49799913291924,2.4966800885918596,6.079050927934446,0.6536615756438524,8.469688542070605,6.740199190587926,8.473879305713737,6.796972168333452,5.8482781130579085,0
7.080725777960454,7.2571950838836,4.894249636431405,7.6488326154212825,4.875711936733843,8.930902051954149,0.5183579911972902,0.6239406859827723,0.566804321658354,9.414742375060655,0
0.20584494295802447,6.134151959357899,2.2120944181960223,8.129857387160936,0.3361360018328263,0.6245759361907144,5.488586650773559,3.352790500782957,0.34672704226066386,1.744092671114995,0
9.699098521619943,4.182430362906189,9.87668007996647,7.181230762264944,0.6265320345535452,8.834647629860607,2.876327290436782,0.6701653775120997,3.9191056294390902,4.716494907505954,1
8.324426408004218,9.327284833540133,9.440593396866133,9.555236959549347,9.06437453344411,4.483190553694222,3.067765995221412,9.753431334790704,6.971636921379805,0.9142199181713817,1
2.1233911067827616,8.660638895004084,0.394268113685059,0.1823258267636163,1.3924537111759516,5.104324890042323,3.5295850345235658,8.169739072718368,1.9343534295648257,6.256819122613527,1
1.8182496720710062,0.45218670106189407,7.055751725156885,1.957779856835461,5.324206822752171,6.265925110932102,6.212924490496102,8.525474212459706,6.415044812562517,5.505316805962256,0
1.8340450985343382,0.26366974497252005,9.252483174156659,0.0756287497814212,4.110956026007066,9.263826067300867,3.340499656687692,9.379652314338943,2.5982813794029944,4.073655242128323,0
3.0424224295953772,3.7646336687804958,1.8057534512733353,6.47474714154603,3.4734332625884266,0.1911609442976403,7.326990505902804,0.8510348611978535,8.860861088135163,5.213770214737412,0
5.247564316322379,8.105533307818328,5.679452305526294,8.98030548949987,8.998333456872725,4.768434683178171,4.045273855738697,3.8559759251333334,8.956899442666165,8.965746584690102,0
4.319450186421157,9.872761293149445,9.154882975880419,2.4348229657629927,0.218233967754895,6.877220424305607,0.6835320030995862,0.7103488904400213,2.9728720428132647,1.9629430231106704,1
2.9122914019804194,1.5041689110352818,0.3394597858579884,9.270345447963066,6.637896861755891,7.227069576982284,7.837598424841072,2.107931015500286,2.2999375396324053,0.22564511705347234,1
6.118528947223795,5.941307153521351,6.974202672468399,0.6026739028956085,9.633944342135504,6.92532431537108,2.85758324592706,2.293657770376724,4.113039720662313,8.61664884699101,1
1.3949386065204183,3.8089085663102153,2.9734900737255074,9.344360268055143,5.60168183461842,1.3443512940812186,4.3276687959926265,4.691072110475787,2.405315851801487,5.771170823879065,0
2.9214464853521815,9.699143978146033,9.243961953765304,3.516226872396344,9.368224620330919,2.9939558837168123,6.8544388322190155,2.685621674536426,6.723838432917036,8.906584554618425,1
3.663618432936917,8.421189231357086,9.710582451653679,1.0142082844921652,0.5225787928602377,3.587155254170135,3.32456157148712,1.009781068177611,8.260646845482855,5.969452234131726,1
4.56069984217036,8.383287047111379,9.442664891134338,4.858717591863257,4.187933190741614,8.04437207679505,0.5658565614671562,1.674910890941077,6.73092130911217,8.101610899597025,1
7.851759613930136,4.686931597949703,4.742142166574638,2.567765677205079,2.6015779096205116,2.7875987241455302,3.739210470128136,1.4727556355209093,8.243504472493495,4.296733633551479,1
1.9967378215835974,4.148195023376652,8.620426509893134,2.8487290196192285,7.3082096498072975,2.1070496386720317,9.444485826943033,9.730767979122984,3.9699216220747413,7.498599312882687,0
5.142344384136116,2.7340707193070624,8.445493985350703,3.0728996492628657,9.812970904972467,9.574480190380962,6.417343972985582,7.592925069184736,1.5631697070886086,9.13041466889856,0
5.924145688620425,0.5637549665092711,3.1910047324325563,8.030258978326634,2.565300624442478,0.088632851134689,6.71479148667207,9.67761465269562,7.379509473975921,5.721229637222063,1
0.46450412719997725,8.647223762550531,8.289154741506774,5.391612766752544,6.5417460147407445,9.978208556819782,6.322821536376399,4.397404865079086,3.604745051415539,1.8078515056237954,0
6.075448519014383,8.129010091300776,0.3700763471549262,3.1130769915600363,1.9809763275974013,6.768212988573956,1.989921389594368,2.783684816626566,6.712708252291325,2.6879761503019814,0
1.7052412368729153,9.997176732861305,5.96269878482053,6.103337833109183,5.653302545716099,8.28469299449117,4.183338641022801,7.982931972091867,2.7064394198176567,1.9864457689740578,1
0.6505159298527952,9.966368370739055,2.3000883728770303,7.161506742231936,4.639324866883362,2.9461939634619316,7.509397983633183,3.262539180411468,0.8122963480667267,2.468570275957329,1
9.488855372533333,5.5543170560262745,1.205668857772788,2.7262400073353374,9.72005329631537,0.14315277667059978,1.0137289755315915,2.9938337370534827,9.925817954877633,3.0641544935103635,1
9.656320330745594,7.689874151805105,0.7695320162920916,4.135491015253515,6.085272726964666,7.3786951856153005,2.7785277608971226,2.325059922078312,1.5620150793059928,5.551337867531885,0
8.08397348116461,9.44765729882428,6.962887758781397,1.2188609333694755,3.495063720868188,8.341445970006758,2.763191084658536,1.2967897822423535,9.884209939634811,5.879916294638328,0
3.0461376917337066,8.496473906774115,3.3987496376806616,1.8114934953468032,1.1409578488793337,7.404761319535192,4.32018927594506,2.5646306101676597,9.772799325664472,4.264997472418611,1
0.9767211400638387,2.4734810174319763,7.247667715287615,6.811178539649828,1.5124682873493456,1.428502873008386,9.803687409421851,3.553197484738877,7.938181039080396,6.154207798208354,1
6.842330265121569,4.505441353100935,0.6535634079894237,1.8143834769562694,2.2531692995123507,7.53427922256969,0.6750254668382194,6.739942081457304,6.594229620819975,0.8157492561136592,1
4.4015249373960135,1.2915941515149498,3.152903378306103,5.251633836670601,2.50966661340298,7.689227821076409,5.1870099438059505,0.6256484221945158,5.778070502510847,0.8778823705815997,1
1.2203823484477883,9.540510272587223,5.394912923753372,7.090462617224327,8.506160578411379,6.585405156700549,1.7936468201221045,2.1050693966534295,8.661015453778347,1.7182946035765845,1
4.951769101112702,6.0617463445088005,7.907231648389636,1.0687692309474384,5.612227882825249,7.661159327955862,9.706765454097441,8.090236402916764,2.894395216194879,5.180774980403448,1
0.34388521115218396,2.2864280550346274,3.187525029320699,5.673122196289036,5.233909113743664,8.459214396777321,1.133035047274642,1.4692192358377076,4.67681212484877,2.1399467869831357,0
9.093204020787821,6.7170068440585675,6.2589137643700905,2.5656278370136376,1.1476887186921747,6.136041142374584,4.036010023615912,3.4264514652252154,6.193899693665019,2.832844034925773,1
2.587799816000169,6.181282404578958,8.85977748236187,9.629268752375799,8.60139693349435,0.8860471396967906,7.378849848346062,8.6465892185814,4.1119047586949105,4.0031283617299405,1
6.62522284353982,3.5816271803284048,6.158631881823045,4.835456467199247,7.228143032084837,4.876278096672109,7.045544280274453,1.5492531114344266,4.27486454090268,8.118661240103798,1
3.1171107608941098,1.1355759219962902,2.329594747536338,8.059925497751582,0.6766836190000158,0.7764933467160506,4.227286368939323,0.827368356181899,3.3028466750208443,0.13862135912860118,0
5.200680211778108,6.715731955927996,0.2440078155653802,5.502265421562617,7.078350972297686,4.075430310324308,3.4652416795271823,4.845379950800108,5.64231816684536,6.493788202366224,1
5.4671027934327965,5.2030770090379335,8.700988739009299,0.43412532854819164,5.4353821734264605,4.071064891256277,3.9761237855287055,3.024195112785364,8.50574528015116,6.688765310406853,0
1.8485445552552704,7.723183917356393,0.21269410850387138,6.3315137559402235,0.8172534574677826,0.6600984414024158,2.642762631586393,5.634083644838541,2.0152837800631285,7.986557803566365,1
9.695846277645586,5.201635011119934,8.747016726841995,9.51403342206657,4.583006415286564,3.488205339694793,2.053329387067998,8.038048904834751,9.344330387534415,9.327529390603132,0
7.7513282336111455,8.5218150031854,5.28937134027212,6.016118201463312,4.8469628713004695,1.1099809879131484,4.8303969755889,1.3714848815274316,6.8908765374822964,0.20137848949289827,1
9.394989415641891,5.519068387744856,9.390676985128962,8.191888594267901,1.6577454016327575,8.082352100092221,2.685337560676073,5.80699084554285,8.232732126800302,1.5378370551321618,0
8.948273504276488,5.609379715353863,7.987832357736654,8.842064633484078,9.456981470002823,9.476880259644707,2.874616648972501,5.055087603898639,5.561906926300116,8.861712940559931,0
5.978999788110851,8.76653602658345,9.979341105333376,2.2807977194893247,8.49975371480662,0.7231647525793861,6.56756063474557,1.4407878601319957,7.795167014240635,4.585185621870154,0
9.218742350231167,4.034828662123971,3.5071181545171015,2.1204483990822665,6.690223373291083,9.551152072917015,9.685373316998922,6.2399848552898245,0.1620039733946721,5.645906389334635,1
0.884925020519195,1.3401522845064073,7.671882889311269,6.1098098885099175,4.622955610006072,5.225765993367451,6.036372005593751,2.7364041786077165,8.183804247795353,6.630272037231474,0
1.959828624191452,0.28782676313338973,4.019309136092422,4.110284698067047,4.1176554158450855,2.9956567795387388,0.7697946706496628,4.878343185440125,0.4013885908536652,6.790666044956374,0
0.45227288910538066,7.55137255673619,4.798756203039089,8.398613028667203,6.509734671509541,0.7686207527616351,0.7558361385406698,0.8227232427706188,8.899133763628624,9.317404033165083,1
3.2533033076326436,6.203095513534647,6.275054632183701,9.000231233980111,5.4543186940690545,5.006242680704178,9.51423220845566,4.595840572136231,9.919627472386432,9.969494174116697,0
3.8867728968948203,7.0407976809922355,8.736771141863388,3.534213793027181,0.6227310588188562,7.945155444907487,2.9729079030733363,3.0646346804282034,2.940674621767778,7.201574609309402,1
2.713490317738959,2.129641615089107,9.840834691992951,2.3687055897448204,5.125026487703317,7.070864772666981,0.9206698608247543,8.223812111853544,2.1031855628579366,2.872212092051508,1
8.287375091519294,1.3637147558676976,7.682734138645182,7.805255152438618,8.064036172328395,0.5022601146397376,5.990445871503816,0.5697872699736828,7.653633638580407,8.797524022943437,1
3.567533266935893,0.14544665667881929,4.177667821673338,2.748060355481361,4.59239877596958,0.7290183536790351,6.236487782902661,4.1860727491833,2.530263409202532,0.49220914540761607,0
2.8093450968738076,3.5058755880659698,4.213570022770702,8.226143185136785,0.5195657755426841,4.028732826326371,6.485048201186881,4.58431424131438,8.655623831722036,2.3108085287449622,1
5.426960831582485,5.899176868546331,7.375823015888915,4.237382536487628,7.862781993840331,2.9529049404794327,2.674020278575413,7.250060762991187,1.028425921574767,8.973857174637148,0
1.4092422497476265,3.922440450997323,2.3877714576830233,6.675498992914704,2.013637821359744,2.3238432305604784,0.15110684214475034,5.74287575090211,1.2595519637935826,2.5619151443935495,0
8.021969807540398,4.374749220237291,1.1047411313139466,0.9553531383466818,2.5862083488803878,2.810044989087136,9.650153694544718,6.672123371941811,9.791515551006157,2.206510596217485,0
0.7455064367977082,9.041586944937483,3.546221576407765,6.23859324676573,1.647063534322959,8.034827432968846,2.508930456911025,7.770492856517562,6.738388982700046,1.3812529314024724,1
9.868869366005173,3.4825546702330037,2.8723899165408175,4.517676787372292,3.302150648714975,9.29228053631854,6.760262880525475,8.622029736581888,8.468872244289528,8.591117576469165,0
7.722447692966574,5.139894891598108,2.963081204559901,5.866084631754741,7.56751505688635,4.051026945275664,7.0662986987870955,3.1387549672247053,3.2432937735151803,5.000582591910867,1
1.987156815341724,7.8365301274114305,2.3360775104990994,1.6801420774486342,5.193858595039373,9.061110021324971,6.100074170794857,5.38022705363903,6.764837495206044,6.748932030541548,1
0.05522117123602399,3.9654278232127016,0.42093189636361883,7.368737449441821,2.048812741507126,3.21495701247882,3.129073942136482,8.401080784391999,5.942418273085972,2.390663840750297,0
8.154614284548341,6.220867002278735,0.1787393473341381,8.627970775432285,8.778300781520409,4.764369863437916,2.7109625376406576,9.894511309650564,6.03150120122947,7.580404210112165,0
7.068573438476172,8.623637087467452,9.877223897360315,2.1673980009077565,8.795818549515293,2.260289978159997,5.976682827027031,8.895193110437631,6.825324595377216,7.600055449620985,1
7.2900716804098735,9.495206236576422,4.277731337358624,0.9571455552016173,8.70578425046007,6.404760421758439,8.660956336116914,3.714672626243768,5.753591731290985,3.1259802490830015,1
7.712703466859457,1.4707348092903794,3.8432664715968166,0.23638586046336396,2.3879621138153926,9.78981115174809,9.467337289233956,1.9516651721865041,4.290623693026659,4.1068263301028285,1
0.7404465173409036,9.265876251614944,6.796472826930699,6.4197150044326605,4.512393441809881,6.034930960433787,1.0590580440375763,4.893925374065887,2.7592269438054684,2.0969027743020083,0
3.5846572854427263,4.921162930795382,2.1825388786506417,6.070940360887808,9.849896561408752,3.5781408411354887,1.5482861259771985,7.416414518360423,7.68581330913202,9.765610233229044,0
1.1586905952512971,2.5824438829895833,9.499611839502254,5.4669741271407,7.7201247630999035,6.478174459905284,9.447362587830796,4.925690707532976,2.262724300031862,6.456025770584116,0
8.631034258755935,4.591357562382613,7.863450144155521,2.3194709611597544,0.2716742122555982,1.2292067846538757,7.365352283347926,4.831808633136685,6.923543061544142,9.345438807155155,0
6.232981268275579,9.800325752854771,0.8941100231225951,3.9090599590551465,0.6520459126049205,8.886590802653986,8.829938248297731,8.382304210818006,2.3333282264932667,3.033855436291332,0
3.308980248526492,4.926180939928696,4.175807757849284,5.944763351861731,4.639313768123328,5.030839507798364,2.026326341353432,3.6140377906718637,6.253301699544539,7.8189091299688975,1
0.6355835028602363,3.287516102875082,8.791183075621646,4.967668588591694,9.092202058615602,4.49349742039642,5.875858711094018,8.597946748116456,7.470782671290289,7.65858643884742,0
3.109823217156622,6.334008543167258,9.447320222914103,9.877855202148872,5.387017979527142,5.858647884535192,7.011395944174737,4.068048009517236,2.187138889065392,6.916556518665415,0
3.2518332202674705,2.401456187781931,4.674015112498697,1.3643975255673313,4.9781250803429025,6.2478386278940246,6.801118854469727,3.282331056783394,0.5994330086130828,9.656389752668005,1
7.29606178338064,0.7586332810866392,6.134113892107077,6.951445540475937,1.0547369995663058,0.7177580622651303,4.081516908666981,4.53989911199699,1.3097374299417408,3.9355533610631555,1
6.3755747135521315,1.2887972191064923,1.6703394609207523,4.043187681042921,6.5678010472429404,6.826172212234024,0.15394891691308477,7.624469586748685,6.059969672710254,1.307173235897573,0
8.872127425763265,1.2804583895777244,9.911686261369766,4.281996149256147,8.221031606002255,2.419316803155296,5.829260568042631,1.2600202786399428,8.494464062257356,6.717088592440607,1
4.722149251619493,1.5190269351229435,2.3167170138344337,7.175977656581763,3.8042000750756233,7.139526325065898,2.5310153917960876,1.9641921587201738,0.44996821235424367,7.2930980047720615,0
1.195942459383017,1.3882717264941014,9.427317741351256,6.924361513243697,7.756118509253275,8.225347943841967,4.502542461428903,9.514448256630919,7.341512590416462,5.750605734588147,0
7.13244787222995,6.4087474480321465,6.496466489923685,9.912559937021882,9.644766539008117,8.039585075525203,9.575810150838173,1.7549162738135737,3.4131864595005212,2.0681789313339625,0
7.607850486168974,1.8188008439914483,6.077367948788591,1.2839428945412523,2.037664591276891,5.525009674078891,3.990353176424347,5.6772731793105455,4.785283699195225,5.044559416693554,1
5.612771975694963,3.456672833238632,5.126885110165086,1.0410964938416634,5.233296311947413,5.201698923107512,8.398016066644267,5.793144666619378,9.288595498455656,3.121897365691294,0
7.70967179954561,8.967884099060118,2.3066981171775867,7.243388171287411,2.8713795808457556,1.4287596133941172,1.8854060574925113,4.896244620502448,3.3197150473584545,4.27466528166689,0
4.937955963643907,4.739616402628723,1.7652803200550826,5.783869170064091,7.9285441903383935,7.753461504031356,6.724604980250288,6.447452485768186,4.65336933939486,6.452185758446639,0
5.227328293819941,6.675577385210271,2.2048620907017535,2.7416066655980584,5.775933658811575,2.7140938044671437,9.770069544389434,2.2982672579761845,0.13682414760681105,7.452147426908345,1
4.275410183585496,1.7231987120162984,1.8643826214425452,0.794193689889866,6.345824175503037,4.966954228179466,1.018931008729368,5.526622677767482,0.8159872000483837,2.3222469090134314,0
0.2541912674409519,1.9228901880867078,7.795844735667533,0.8565824959643054,7.979141596158941,2.842740929275167,0.08319942227192012,3.7217325524689713,2.5859159113478403,4.053253606469534,0
1.0789142699330445,0.40868616266478863,3.501252591667301,8.941908746641182,3.959704726624549,1.3382836299969314,4.335827926326143,6.61667259629189,0.27852240821074403,2.6916157099162916,0
0.3142918568673425,1.6893506307216455,0.5784267656339637,1.918673247187429,9.150900684070432,6.2955769689173655,0.926254830513672,1.4122354337314946,6.3137532604825095,1.9863161386186912,0
6.364104112637804,2.7859033903195862,9.691026301408113,3.2337156211552074,5.3302886724614,0.5433203482290383,7.483843496762313,5.708774168394762,4.263983568016226,7.833872199958384,1
3.143559810763267,1.7701048427674682,8.837858849634257,2.26656402226988,1.57954822835348,7.486452341262,9.14548663848559,1.852703553833237,5.48145202728022,9.092526944369924,1
5.085706911647028,0.8870253375705561,9.27752283195213,3.5499630583193733,6.958991181688025,3.1758679526111666,4.340209727087588,2.786430631150364,1.7464718589632955,3.702321856845767,0
9.07566473926093,1.206358711006008,9.949078226464353,0.6942384274609337,7.9326135043825445,0.0013469300448532007,2.5871164215544096,2.1870980032358323,2.959320294366161,7.512789243737669,0
2.4929222914887497,4.607787680327258,1.738952492194873,5.190597909082704,3.1676167706752665,5.111291392372298,4.344033190066098,1.828377798688171,6.638244748527251,8.96995289364411,0
4.103829230356297,2.063337184057925,3.9624201890265875,0.676125635922149,8.57179256998753,0.46851908527603126,7.2344781785000105,8.25710951560667,9.653027236303998,8.461242105302315,0
7.555511385430487,3.6426986104807546,7.582384757040913,8.003565078223616,9.061432547657663,2.761695578208995,0.09054161580370979,2.857075676608903,0.504167736022092,1.828133885392259,0
2.2879816549162246,5.034172708548569,6.960206180537922,2.3371208191043302,2.769044873778089,7.069764874557162,5.894539894846972,9.271237818644494,8.903843208552662,9.562918815133614,1
0.7697990982879299,6.903948286293653,1.5389590633985506,5.400119146045106,9.83521472715222,0.6268962162186587,6.132916848873791,9.699265253451909,5.768812013112084,3.7667644042946247,1
2.8975145291376805,0.39312139841098936,8.158331249906178,8.800790875614583,1.4071152804875842,8.393384923560024,6.376882468959355,5.712604699370973,5.639195667556237,3.3924066117383633,1
1.6122128725400442,7.994103989090426,2.2444057183666066,6.5087736904719415,2.0201566840249,0.03819922658583108,2.420220799808772,1.430011226657264,5.002785352077604,0.6243132727778034,1
9.29697652342573,6.279003894909078,2.2381761482262306,5.329577865513353,1.8422483923802613,2.4682386920190225,7.140527233781268,3.7454824337958126,0.6939408590418339,4.86173654104883,1
8.08120379564417,0.8175903194887191,5.3697442289341355,3.243337531153756,8.939897100078705,7.409040561520714,0.9139148633177641,7.9773226334821405,0.8987685173616067,1.090136156409287,1
6.334037565104235,8.735786241067773,5.929399348417031,3.330019130581979,6.542925523249618,3.162701497293068,1.9927033646680081,3.673907286970705,6.009120056590861,2.48539820927426,0
8.714605901877178,9.208724005318132,5.8008620783781115,6.694869551981901,1.5210428322227287,1.0189238806601353,8.77470046654482,0.8701721830278875,3.409585714355583,3.1694262176728136,1
8.036720768991145,0.6107795985486375,0.9148683739775487,9.941393612211675,4.40323418368349,3.6023391880042785,7.387231507265664,5.567849109281879,9.172680665776806,8.088263234916841,0
1.8657005888603584,2.7687764814720373,8.774608626303804,6.618391898493786,6.15298025069802,2.7039328638452553,0.1374555401134525,8.451208514960348,4.065905373594722,8.754886503958964,0
8.925589984899778,8.062012797930613,2.6560004258870604,5.577834173700249,0.8346408498938329,8.427119021605549,2.4837626036980023,7.959263871435024,1.4328145870264108,3.024663174614697,1
5.393422419156507,7.482596903836583,1.2951492128280417,7.306505102392461,8.824163684073387,3.1334791758514315,2.1440648299316454,1.7512314013035324,7.14718833502036,8.586981212445739,0
8.074401551640625,1.8452101935637732,8.887480798689772,4.652056122837181,8.036035354415352,7.889324717760072,2.7080632803697258,6.727646144124667,2.9335342144100984,8.57230937369791,0
8.960912999234932,2.093493233367103,9.556514982297534,0.6014234260078521,5.052067735766382,8.918721448107348,2.475597702798864,2.205042634356471,5.2547030735589315,7.646509503848735,1
3.1800347497186388,3.70472102791382,8.621276172654506,5.6229681587790985,9.671266152591704,4.338174195765295,0.6252629574284574,2.1820753455217226,6.978327855051701,1.4669511401518154,0
1.1005192452767676,4.845229851910213,8.09516074724878,9.576252845053801,4.177609792750997,9.09943143854392,4.589405165968204,8.740717733051852,9.002641112020704,6.90322846900729,0
2.279351625419417,6.1825477153029595,6.552419806390217,1.7530294235765964,9.841103190364977,3.7731805396319285,7.327334747861651,2.4966895274023013,7.921911948016761,9.450240645805687,1
4.271077886262563,3.689136395697724,5.5085737060913935,6.900048908206657,6.67919998803627,9.640784164901081,6.067317247174364,2.632473465180112,6.763610678727241,6.82540478767157,1
8.18014765922493,4.625347161331479,0.8698675991141014,2.0093368865905648,6.346712732539414,0.8928952452557293,6.728716685980798,0.006533907612995549,6.796331823951435,3.3161684910783396,1
8.607305832563434,7.474709381337565,4.084532130706987,5.3582768447308124,1.65954895295785,6.870192665032428,0.8114917853623915,8.706690341255177,9.459246440320864,5.005793174308312,0
0.06952130531190703,0.366832028905979,3.72688517012314,0.9667644964671962,8.81927758304644,4.938140404569287,9.514907101767871,7.925948132091348,2.9582409749653604,6.457250433510536,0
5.107473025775658,2.5243694434402073,2.5975378376032623,4.503709362581851,4.2748968792061515,3.8764880545564706,8.384918338430248,6.27328935090678,0.011120941961874076,5.105704087285035,1
4.17411003148779,7.133495858845524,7.234201136885849,7.561633288952461,1.6223340578247936,6.327118787486009,8.050903184956628,7.502657639388422,2.719545593981987,1.1995294173096982,1
2.2210781047073027,8.952068376871994,4.9587573507877085,3.4757152423898208,0.1260751997575904,7.038570916343312,8.229838050417674,1.520485674244918,2.17891379626744,3.1206404465202064,1
1.198653673336828,5.116774421156661,0.8104621590764793,6.64911724487218,5.597556836383825,0.04363269650309087,9.327105081327613,4.583235945875755,6.618345851139981,8.023960305536326,0
3.3761517140362796,5.321134852653157,2.2018320194981134,7.954499607897292,5.2739962212267635,1.6695308874719872,5.442539661136977,3.512193873487809,6.337115997655291,8.614180460955174,0
9.429097039125192,1.0717201133977605,6.832587636595959,9.271778194794527,7.193536223691586,7.130460506343187,2.002820178676259,0.9377652625701649,5.934613827047238,1.3730003271557023,1
3.2320293202075523,4.474123668234546,0.7613085949030018,2.3464208185545354,8.902580530178021,6.663854135782064,6.167836078525411,4.861304852149241,0.162434432094537,9.523867523987246,0
5.187906217433661,5.326172664550231,8.512069140487688,3.993159158093081,0.7940658464302952,9.660475051286772,7.42881493667939,9.207396503426354,7.287780544506475,3.2882261784860933,1
7.030189588951778,2.4247050363472966,4.951465270139743,1.5241601333041743,7.314964903403624,7.61037790250783,7.379173933540254,0.4005911905069448,3.235304124854915,6.6231373873071995,0
3.63629602379294,2.6924323094938094,4.80586577326648,9.924835021583752,1.8741194409758222,9.50772707731338,5.214490241668801,2.9146091349379386,6.650559890066311,7.5182514595668115,1
9.717820827209607,3.7728416310462265,5.924077846595176,9.270009679242953,8.581770531571639,7.02540501534807,0.6845871933357806,2.0754093620570346,5.565784285021533,8.119462346378834,1
9.624472949421111,0.20071197777726368,8.246809659251491,5.399571302805596,8.19063513861656,2.9805220863944317,3.7111293843012785,2.381466536656963,3.4273092542790717,9.457497022259302,1
2.5178229582536416,3.220791655831783,3.4780920790219305,8.420332943764212,5.407937549855443,1.0536492225085647,9.207666084633573,9.084345518793754,1.3457626710410775,3.1291954802882262,0
4.972485058923855,2.1144800699654462,6.780161525590636,5.209579772720422,7.102427986233115,7.818238633449356,5.84448909757426,4.6806905423429015,0.9441889766048095,8.585064545515545,1
3.0087830981676964,3.2749735217791462,5.657319639957911,6.2358568800275975,3.1435011318374837,6.441492214759159,5.383319432557134,4.662994129398188,8.315183331122235,1.3168690343620704,1
2.848404943774676,1.1976213181925122,2.6702827016942132,0.8912443211601662,4.7116789893281465,0.4818601239329623,2.688535143821935,7.605756424552823,9.18397542081558,7.050409063535927,0
0.36886947354532795,8.90527280739895,8.78629986355158,7.552704204968079,8.216368977104716,3.6005046590097836,3.684489199165789,1.544922040049258,6.497880467642996,7.419777295139859,1
6.095643339798968,5.935924535540487,7.974260216069281,1.2771348363523483,4.592651971732139,9.567998154842861,8.953460891531693,4.872653541000508,1.0343411486048337,6.777232412013205,1
5.026790232288615,6.791023191444896,6.584518346584255,8.260676302525283,3.577982653254418,5.0040114571020125,6.664630475268357,4.2998521412105974,4.020272168882407,2.52314736135153,1
0.5147875124998935,7.891712386073383,8.505817290942419,7.820280876703859,4.942124472502999,4.327291360197046,7.873870267523328,5.969106905466561,7.2893920010515725,8.730431470152034,1
2.7864646423661146,4.984421989290572,8.672942009598025,7.087446977429765,8.282492524372184,4.57699605159294,4.543454230676551,9.995577032504386,7.798208840100681,1.68858463370395,0
9.082658859666537,0.8692028808742369,7.083629767150348,0.36160380524762115,3.3520804737087273,2.0888272400516374,6.302472194561579,7.694488940820471,1.182186222910886,0.5363479152083084,0
2.395618906669724,5.371065418185478,8.37013328363672,3.031283559453286,1.737615931357438,3.6870717086479523,2.483836087432075,3.978657030174272,0.0003071884538241587,7.174649906119122,0
1.448948720912231,5.868411180208791,6.974714616692836,2.631125699108429,7.120140203307807,3.698132559871766,7.054608302834863,8.27553052274047,7.12137045880605,4.754757152327337,1
4.89452760277563,7.4543947418433,6.801407717603004,3.6013640747151907,8.259782127080818,0.523550201874724,4.276013337033373,1.7070836331248018,3.5659617598620565,8.49098019958676,1
9.856504541106007,4.316595462296794,6.186113782151843,0.8764274676383854,1.0063747852353333,7.675676285179183,4.4254551481474556,0.30463686308960125,2.5448133161826023,3.8339714105825893,1
2.4205527151150044,1.2758030279556376,7.527166395576412,9.369578230310628,2.3987411275594472,4.16504431903879,6.493223245768816,2.0444837246427303,0.1289746978952544,1.6827858850771282,0
6.721355474058786,2.8377590579872445,1.586051052930737,5.538022407123763,1.419719897609939,8.221798868164234,9.362806214689266,3.4041155611425964,5.402994067614997,8.364421924698696,0
7.616196153287175,3.630822963986351,8.808707591989284,3.0552431065802352,3.4794141158216663,8.503480011198954,0.6400634660862092,5.105807574595599,8.511507354259818,5.489096316400717,1
2.3763754399239967,6.459172413316012,8.71843527745232,3.969815170742834,4.503509789054126,2.1199405469865806,8.247432373470076,6.151291405411998,9.57631646272588,1.8919579239035489,0
7.282163486118596,5.707783046689119,0.29247283034559146,4.472025405048356,7.4882633696330645,6.573534821701285,2.9238311041219314,9.106057172144217,5.657449506132892,7.203839985864457,0
3.677831327192532,3.5609672589784624,8.258167505647627,6.005943333606173,6.511475848816741,4.722818041629817,4.439194545063778,5.0985400955045765,5.144613277398942,5.111136384895005,1
6.3230583059357945,9.865152487929796,1.288698674734452,5.156794276964978,6.2092856747843115,8.80156737921485,0.21913328775008956,5.012756446257294,0.850563854892411,6.043129822403198,0
6.335297107608947,6.057748193568871,3.351188542591419,9.193919732144174,3.523749466096544,2.157406791764541,3.0104607783431305,0.5024300982298213,5.488728015425997,4.608983382065819,0
5.357746840747585,2.372267917359945,7.435082562916078,4.969634829058302,8.4144755308476,6.778132003100442,5.026312426301304,0.3491155265622381,3.7997907896539465,8.287089838180064,0
0.902897700544083,1.0178247262040374,1.607598960483082,9.921580148233126,4.712871673981645,6.077521222527226,0.5617607734743901,5.511599619163721,6.071352808835769,8.295627156830498,0
8.35302495589238,1.5285913918433203,8.179670241190621,8.514249577450958,9.791049380151545,2.953014775718328,4.910957293831651,4.381786132483445,3.887263478765467,7.093888218243862,1
3.2078006497173583,2.459577283845081,8.32134177957742,2.085105143573358,6.3414213829573685,1.3660090365117261,9.271106288584273,8.391803949802986,2.4029912345036673,1.0540137739646227,0
1.8651851039985423,1.6068137325955567,5.074677337608362,9.305952146439163,1.2626474156450274,6.516397604772766,1.0539321810780522,1.6067958471184518,0.949652752283765,8.388538619040688,0
0.40775141554763916,1.8656702405130576,0.0638587171683358,1.163663978854761,6.7617756207543405,7.385974581323307,7.644407280755043,0.24971662117049598,3.1491844458889573,6.710129805329098,0
5.908929431882418,2.850951686938471,2.870381331749128,8.174497084911916,3.25104015431699,3.1562734376334998,4.096710533759927,4.490387679301259,0.9664483428775228,6.970241660042995,1
6.775643618422825,1.7337359529475482,6.169269183757422,3.806232934765801,6.8632719668609745,6.448326040223138,6.55173714524338,2.374785567522575,1.7689695082398393,3.629828404038716,0
0.16587828927856152,8.967654246264251,9.811861780274235,8.779743204450694,0.6964114816240574,3.9513090761150327,2.6023659798522933,0.4961437333883745,9.87336158579546,8.792795561570067,1
5.12093058299281,0.8023374566164221,6.3181352701666835,8.680566901074503,1.7488143717595939,7.132068832826177,1.5949226254135829,7.24598286847629,4.4410355690661865,7.2537160023485745,0
2.2649577519793795,5.245113895702547,2.5980358106415977,8.059254001176212,8.557372589057863,1.992152748940531,1.6046261427122643,1.1159299995724747,5.3187176650501655,1.1259046652919447,0
6.451727904094499,4.103968269896615,6.340057030996114,7.900304363070614,2.271795570235149,8.902150026361744,0.7049194564314465,6.083195000077717,8.736185287372153,4.077780344061627,0
1.7436642900499144,9.823786169086064,5.3998537971585545,3.046791390980408,8.3704112524294,2.8740959646557975,1.8564670490124302,2.8104975016688916,9.955689004906878,8.863803619601416,1
6.90937738102466,1.1203890216805235,7.798453951511436,0.8091928305125218,2.792760884544104,3.677859877561529,6.642193849889683,1.7349605035502202,5.8271444934468155,0.47196701697378995,1
3.867353463005374,3.9785559904574166,1.069806388269584,4.029801787651614,6.428819100587076,0.5809195208034978,8.81690611843508,3.7975152291931744,8.124738210441716,9.614166196420495,0
9.367299887367345,9.69470433275369,7.61027902502028,1.7352451498650867,6.9415057350983105,1.115122123212764,8.141256855911617,8.014457762229537,3.2694102433667527,6.791625683195628,1
1.3752094414599325,8.655071258939802,5.412665786761103,6.9495108890246176,5.126547531450529,5.158619027123281,6.851343098744841,3.9209357690457267,3.057439574472911,6.313759776433766,1
3.410663510502585,8.1707207094928,9.629920038589946,3.4609972653778556,3.053106766967313,2.675926767279715,1.1043186341110267,7.507696492110557,4.027037209945602,2.7055925648799137,0
1.1347352124058907,2.579028270449398,3.418721660386861,9.756102008599148,2.126443763710961,8.354802257421944,2.8918744629594983,1.2548629679915069,6.725072626736491,2.4879178873917707,1
9.246936182785628,1.7088758739006582,6.326218931339481,6.40972077345332,0.3318935456242622,0.14693388654953843,3.0980687532246898,7.727714196650791,6.821916892550988,9.420582194885954,0
8.77339353380981,6.68643219924431,9.320281055100175,8.224805636343609,3.039464012407238,3.7909404867193617,2.4995694639762123,2.3693332490664867,3.152394346494508,2.982724542341227,1
2.579416277151556,9.293759891275858,1.0250972799067926,1.3252467274184843,6.53162790531283,3.3734554676909267,5.150056597097231,6.773931298888728,1.3320992413662869,7.755052967189994,1
6.59984046034179,5.567628930139298,9.372284872364512,8.620144822726225,9.383048184484826,0.19327630917601035,5.355538148796725,5.657815548409964,6.323962564655085,3.9312179820707915,1
8.172222002012159,5.7161268946989985,6.878857223008134,9.227571905133944,8.71204482263052,1.2436839900051022,3.568859751711102,9.291447172116873,1.2832586218876452,1.3925407078470398,1
5.5520081159946235,2.7997909366028417,0.678370591051719,4.870619188189359,7.660647765353026,4.136426749186352,3.53789158736436,3.87322517975314,5.7849250822933005,0.1071529769535895,0
5.296505783560065,7.694929331919369,3.0096356694681625,6.062529377509774,7.884473432532987,4.928645844474467,8.285555979060813,0.6616518883444045,6.93422128056309,5.442573370152508,1
2.418522909004517,1.8704374855752337,7.081720886452816,7.648098009029955,6.649849034759953,4.042897472548691,7.892928483196856,0.19155485551252904,7.006114963944516,9.757788185489327,0
0.9310276780589921,3.2367923640424365,0.673506014687717,1.7483862726041255,2.60286857566003,5.309376784120938,3.0779583168074565,8.26858560972753,7.534721106595967,3.6913619380920446,0
8.972157579533267,4.254364386164168,5.8217046017627325,5.0256607646344245,9.071950307058298,5.951316749056815,9.137884438732593,5.247356376614322,8.728594215656646,3.571923339930448,1
9.004180571633304,5.07610378684455,3.4588305695295674,3.986630277723131,6.707323119058341,0.0992382112783563,9.52815017002506,7.752440518349493,4.999589919647884,3.4409161784944207,1
6.33101457273268,2.4240973241508024,6.209155177674771,1.4637399216224911,5.6044063098044,4.640951594535039,3.267425420300408,2.3442560001151467,7.302491895295712,5.205438373048584,1
3.390297910487007,1.1483682473920354,0.4574203381251285,3.6753442229153146,1.1098946921348107,9.634992408875883,3.5442494879305486,3.450837455132337,6.191727353658367,4.406648834242936,0
3.492095746126609,6.1062004244163255,8.715368061523762,0.6817230938549357,4.470555438064254,5.190322801295487,5.056341534219588,0.3010387221131894,1.8663993979768256,8.799146267270144,1
7.259556788702394,2.8863055324025577,9.734889691773969,0.25811906949486985,4.6035827120192625,6.775422674589532,9.411208125336735,9.614923245741121,0.2568964486940817,5.0552079172349025,1
8.971102599525771,5.812382214226123,9.688778552856915,1.3516628915482276,8.645636095226699,3.118638579168832,8.763194331423115,6.678679067008134,2.845413856769338,5.077578381885688,0
8.870864242651173,1.5436271527420231,7.496518317429247,9.631151115891738,5.466482201877884,7.739913781527625,1.025679625835898,9.332050877593062,4.430337063376194,1.383715947205566,0
7.798755458576238,4.811401018548175,1.3008624013063197,5.49529535895017,3.8040054897040965,7.729214818761151,3.927307432714162,2.6549640742907235,6.171059444286563,9.82739540910386,0
6.420316461542877,5.325894325515859,7.582631959290226,9.6582216115322,9.768003285106593,5.212960476541389,5.533711897497718,6.114636112256608,8.499593305032054,2.499728908688297,0
0.8413996499504883,0.5182353682242691,0.2458691645880151,4.32497878330132,1.1072059332631567,9.760138232792135,5.0313247255154,6.784999682926378,1.9624571670616564,0.7336406745960267,1
1.6162871409461377,3.366042781939206,0.22123551528997254,3.1181613308525957,4.225484283119446,1.2555021476265338,1.9386306793689267,3.1754970025758844,1.255497898984771,6.631462489752088,1
8.985541885270793,1.3441467693897424,3.2361021914954122,5.061418628402441,0.4202467517140529,0.16947664889580993,8.588167711681546,8.4810923501563,9.634799474743275,5.953663701568726,1
6.0642905965958995,0.6337497047276774,4.886431904046658,4.3951168863291015,7.3990412076693035,7.701582117570959,6.769407829968373,9.471614629002477,1.0804455937640711,4.151456539927457,1
0.09197051616629648,9.899602323899453,7.704074178077932,1.0566468426174391,9.180765521991507,8.071555373648826,8.379083748518037,8.848551176960044,4.784910701071892,4.221922338806781,0
1.014715428660321,3.2235384497472297,6.832953766065052,6.408263146902062,2.8003732955048943,1.2020722912057624,8.587642793494721,7.390669759393726,5.8556372879330185,7.850639210464312,1
6.635017691080558,8.09874445854635,4.459027063767484,2.160381825095996,8.583416767991208,2.6558283295860607,7.483558536657398,2.7746467972495403,5.413744209074382,1.9571264009964906,0
0.05061583846218687,2.5464065476376385,2.736266662816659,6.195879548978295,2.9221823046189774,0.1755236336662891,4.392106012497173,2.8161604210563174,0.860321570329432,8.202533189448896,1
1.6080805141749865,6.8150272222392925,9.971245001577111,6.502010923981533,9.107701616439153,2.933086107805647,6.105467550154246,9.633603204460378,0.5702691400361937,6.487471138950181,0
5.487337893665861,7.6022785988968655,4.261813022359729,1.520248531286481,7.5396190359678394,7.731418739186715,1.6036540611974315,0.10284495935692028,1.0548342746103567,4.189697737795244,1
6.918951976926932,5.956387406078443,4.513870243296755,0.6134962711066816,8.049067768414385,5.179605277125789,6.736454174749077,7.160499732421445,5.855876838726125,4.580286165838686,0
6.519612595026006,4.715761885501584,1.6362382119166918,7.807615860684399,0.180065556004545,3.480955931682881,1.7925325573928075,7.062461625552622,5.443448876343211,2.566472071860958,0
2.242693094605598,4.118409141472686,7.948095487499294,4.5980042376932015,9.62810357074026,3.717392949063303,6.939495905101568,6.226895409497974,2.3374079203674425,7.521143326969748,1
7.121792213475358,3.4886826654299528,6.936822257814886,0.5816379550547579,7.266709920703232,0.013536257154681541,2.2959816075396864,9.901088460868658,6.377741418455916,5.128747423052678,0
2.3724908749680007,9.29529144247826,2.207696127887604,9.948663171697671,3.047510953861333,2.9980052756523587,1.1755130015021997,3.1187943576372525,8.200675020556494,3.2085454274984357,1
3.2539969815926773,8.306194077877292,0.823810456158427,0.5778056099636664,8.29394664858847,6.464587416379305,1.6528449014295743,3.399718637932482,0.41578959846593766,5.960501157609502,0
7.464914051180242,9.650269106665126,6.804993020747131,6.950352288585532,2.8152119841492995,9.741944438163571,0.01992135219070268,0.7893940294655555,4.981299435480424,9.95734452051323,1
6.496328990472147,1.2429722348554473,6.545112142811353,9.836789252634135,8.727538395661279,8.470608269838994,7.187396178535303,4.4279813654373745,6.893104121026903,4.352622796565538,0
8.49223410494178,7.308674752036443,2.7325952699820935,2.391801042159256,1.1258039041193701,0.23594964645529126,7.324010490583791,2.610485262348481,2.5231192706968706,9.206914007786196,0
6.576128923003433,9.383404568210379,9.508635622504103,1.4224936868719618,7.036859774607958,8.985606046748394,5.149333499132594,3.433867021776442,3.0777090529314908,3.450168399245661,0
5.683086033354716,1.8123306616566015,1.5105789178090023,1.213849394224289,5.406984766449103,7.83198413298626,1.613628010553837,8.345717902556277,6.136379029893838,0.5473270692498589,0
0.9367476782809248,0.664962673667775,4.323348010426019,3.0327514756759557,0.9653447019544081,7.803761235709804,0.8355433751068975,9.354845135274957,8.979352934437369,2.042421063684289,0
3.6771580305943354,7.4112064929005905,9.436159201675988,1.010458110106467,2.41893828258839,4.579957590035715,0.1912896643728701,1.8573307200518563,8.099244203028993,4.1869514332768425,0
2.6520236768172545,5.744731131799119,4.197273169261223,6.9216134169413195,0.1240403627731479,3.980052929545028,1.657481769652207,3.7250893155346585,5.831302190995835,2.19634928594569,0
2.4398964337908358,8.41828776758272,6.385259476640855,0.6229179813006269,4.687679654645058,3.029157288331926,8.908555349831467,9.286305621153941,7.3022171775724924,0.002270382182555375,0
9.730105547524456,1.397723766262895,3.9759439796279428,5.094221281497897,3.0126526076000038,0.6569485895436578,2.4153684170168175,0.6180846068922263,3.6482247020779868,9.150015377475272,1
3.930977246667604,7.952673118598902,2.7421520234867005,9.966968538529768,5.983574842977588,2.282353634936991,3.542713272172157,0.9236052811137851,6.409655280987577,8.43879411230929,1
8.920465551771134,2.0162732004774453,9.839776479598282,8.139702695060189,2.972378077086172,2.4660363497802464,1.0534548448133318,1.6279098920622936,4.6618159112755695,7.422922314869471,0
6.311386259972629,1.636559428657045,4.09334006315043,6.152194382310109,2.9991911150698467,4.840770697102016,2.223613047481703,5.952128341268748,1.8993613645756091,1.6781459564602863,1
7.948113035416484,1.6426579793099294,8.940992036791345,3.062536207866117,7.431931987316034,7.4744440659669396,5.192245707802051,1.5047227100599747,7.017382738772572,1.2036357620998606,1
5.026370931051921,8.14574720231382,2.299546058910862,6.238958362916385,0.4814283597835345,4.7380982839794665,6.077526830956526,9.680763814507335,5.56464637348822,0.6760474947238315,0
5.769038846263591,6.651972206962001,2.131047040250833,5.270414639116517,9.028949951919872,0.5784444944716061,2.4535231416621106,4.467145272585204,3.586215819535914,7.240291887729212,1
4.925176938188639,5.230654247691193,0.3113408288451136,4.260833838903714,8.522638743911815,9.57789800988204,0.5773215922511721,5.015179603501664,9.113391900786308,9.288079606878853,0
1.952429877980445,3.5883048412350247,6.5166682537588505,1.3071037674019947,6.678046832264065,9.427243190941123,3.9103286912739863,2.466586158054065,0.20934117826733267,4.30535820913037,1
7.224521152615053,8.772005408131083,3.6852634372376114,8.866042152404667,5.932215701073843,7.851895431484084,2.342033709263341,4.709602524347335,3.1577315124949603,1.1914067199604816,0
2.807723624408558,3.924451074226354,8.64358249839637,4.497846488213225,8.923024981396523,9.913279015642205,2.195539232298019,6.619136326370115,0.5688139777764656,5.1239282073210655,1
0.2431596643145384,8.16599439471577,4.732099066915572,1.9462251182076507,1.8533017952871444,5.444823328002629,9.598628027134552,7.511771369540428,7.6652731622162715,3.4883190745863013,1
6.454722959071678,4.391349085702184,9.681934279147217,3.677593508772896,0.7896916219082861,9.627683502532062,6.16300485925724,7.53868082709913,7.021074541137926,3.748249243499977,0
1.7711067940704894,3.769444294249076,1.8552551570312115,4.1412975252892705,2.395101699095381,0.7560504061675077,5.5687844317209585,5.7789111269408835,3.31352218736317,6.213306241557072,0
9.404585843529143,4.626797856696064,8.686231679556109,8.275378955668742,7.945782787001903,3.656807482613713,4.157751035233219,9.043597749938572,6.75662902207073,7.187181132622023,1
9.539285770025874,3.0137787416414206,7.765968527917417,7.336143805614021,0.34670266726483323,2.253812680067658,4.289443334301443,8.174078473061094,3.9593722619594987,1.1060359887316085,0
9.148643902204485,7.476093801762511,7.70921844644052,7.693048936413398,5.828068350834896,1.9583308413427003,5.4090500383808084,7.570481146986254,7.562537914224343,0.35590230806476386,1
3.7015870025544437,5.027203900924792,8.447832281168877,0.11031264428647214,9.954375161913099,1.4080294889267608,6.964298070361073,0.5560552168046062,4.5418366273670605,9.943303026857148,1
0.15456616528867428,2.322126951468173,7.610239909429989,4.161539981797615,8.556960938375394,6.224136415659967,7.021460961818295,0.06877962219649314,4.122797278316655,2.3272834891555183,1
9.283185625877254,8.995745732745684,6.262203216314154,4.813441516353237,5.214456890435894,7.813218557473051,1.7169390770544957,2.1244727719547294,9.347299154883009,0.5383052490845908,1
4.281841483173143,3.8389122137321143,1.3124487768238757,0.19192276823056686,0.6364090928664234,5.782983994203606,5.0011275207662695,6.635235939134523,2.5087909989070023,1.8987532909591998,1
9.666548190436696,5.435528611139886,0.32526179491251916,2.598132087450342,8.313735143857098,1.4696270958820967,4.119580950341019,4.111974888825458,1.2044733999656543,0.3895784634846422,1
9.636199770892528,9.06472110964547,9.208478478156868,7.60289823122135,5.989785081772105,8.111237699334708,8.705269662693842,4.0240625929931175,5.845431132594582,3.9181089461717167,0
8.530094554673601,6.242379959139921,6.166503145207381,1.3710970572899905,1.1493299705956683,6.359547071637285,6.314189212183764,8.845868882296138,9.693218122841788,8.024017844513242,0
2.944488920695857,1.1689804070836407,7.965372909761763,5.353101314525917,0.938572848233562,3.881657061269955,5.325040664159818,8.955628481318387,3.7783921372718665,3.412444497577206,0
3.8509772860192526,9.398321236134752,4.815223515125501,2.152018720172375,9.096268194365924,6.74130295536063,1.1539464217891737,9.091752640535857,0.6203676362878152,4.441834068783665,1
8.511366715168569,6.277080530714178,1.1730818896239448,0.12120774643893273,6.692002629380784,2.5990497924283282,6.056378893234115,3.138780765150273,3.3930526730956743,6.7558677356743875,1
3.1692200515627764,3.3490561465708613,1.2518579220255044,2.412014575995415,8.292867993167555,3.451922084942105,1.1720390568023342,6.910558127392617,5.059316543195584,5.088940700698802,0
1.6949274668609249,1.3927207266338726,6.855652872289713,9.758737549100537,8.789789002822673,9.174858431319903,3.3720657556575206,2.7163318127436966,1.619230066322137,8.614456860213242,1
5.568012624583502,7.9402518927029595,4.303058948994627,8.015371118829895,5.717723520483222,2.905045056714204,1.4284196481433187,1.9060983307444979,6.58102218056492,8.660356750457565,0
9.36154774160781,6.200727559285135,2.005247267003367,9.595766443210334,5.174463517550413,4.699882681579366,6.920736470243689,1.8463245734736922,9.977493890102005,0.09910695491153643,0
6.96029796674973,5.334610919763215,4.915945467414369,4.878540439263625,4.304274103209902,8.901411373960146,2.062521138361526,3.4210762086359403,4.517394759814438,7.7804630648319915,1
5.700611700893649,8.938925830509577,0.6420893707513409,1.097361986775035,3.169465877911193,7.077213502675274,3.91859373188026,4.299576197798217,3.5472855673021266,4.607336002416739,0
0.9717649377076854,7.885972112245307,5.819714019143988,5.47959488973693,4.345959608587117,0.6220322616470275,8.956747776187786,8.309491710550684,4.007041668344666,9.888405413036631,1
6.150072266991698,1.5167487973275118,2.6899340443509767,4.543773345599609,7.738796557301564,1.4730304427897034,2.043163833989703,1.198910934727121,1.1514617839520114,4.832320758754351,0
9.900538501042632,3.1172206779554825,7.975591006371881,8.44357082739616,6.019234310151315,0.07841590771916818,5.078050639587791,7.349258473948942,8.832736014262238,9.868959453882976,1
1.4008401523652403,2.4848913981446574,3.1036195892357377,0.9808258078424459,8.925232899548462,6.309217902291634,4.19271661166022,5.314549141893053,4.1482565552135195,7.545693612057366,1
5.183296523637368,7.43946292572677,4.552201490818012,4.882411370217782,4.433800143791878,4.4767342541041835,0.18124041045729733,2.879453426759925,3.8727441142484134,2.4860488461330634,0
8.773730719279554,0.3353243473577938,0.11620539908100636,1.5004866469398426,6.07089578718754,1.3427485090227553,7.927581135728127,4.928195845328246,6.596902729304743,5.3839497928695765,1
7.407686177542044,5.698896848713165,0.7244688779455888,3.2467592689005995,6.313075530919887,9.579341210567705,0.6904590631459973,2.9994206977702262,4.420334209311235,9.921356394785828,1
6.97015740995268,7.624586857406905,3.924935564066848,7.373570773877996,5.916971623063255,5.296597239456199,4.7425502097695365,5.96081955238306,6.482334688078461,8.575306077519237,0
7.024840839871093,8.767656367617494,4.799388347171235,4.7601812936876655,7.026337730855163,2.418932941128892,5.606782949389499,4.338439228552442,0.6144629013078751,0.973668937912211,0
3.5949115121975517,3.4208174871590744,6.000205481193037,3.7588828514576935,2.374334683748063,5.006035711547075,6.284264566145871,1.6440552907887873,8.137233437222275,7.063719968099961,1
2.9359184426449336,8.212573046720129,2.9166257870930323,3.944762785700353,5.123637775457906,6.796203327351078,6.886316293078756,1.1658307455569672,9.405039528794026,3.4557958587081306,0
8.093611554785136,1.1063173695520723,6.949818861265426,4.594467684059866,1.0422480280834767,0.7623921797356448,2.532723835227151,5.466956820721301,6.487653861593859,0.06982261880348117,0
8.101133946791808,8.464522917345182,8.601223971892045,7.850165438370569,3.8451132764481253,2.74703815047892,0.09978776658449373,9.024130332861034,9.545659288588107,4.034809690269996,0
8.670723185801037,1.2748866233198242,7.7985098889334985,8.920846889402345,4.876670686212644,8.069654908839937,7.2344366235491195,3.4395768655768553,1.514323143699633,2.347544217249713,0
9.132405525564714,3.9728729056036727,0.39618825348357145,9.553346865039282,6.522242595454725,4.596648704026612,5.356565993475786,7.330001072226232,4.774161894803537,8.188692705204716,1
5.113423988609378,7.972953657795536,4.805069472578289,7.869033862552951,9.505310525862035,5.465771420322949,8.361177032072488,6.586613549397669,6.018067339454473,3.373306088457655,0
5.015162946871996,1.4991742734877378,1.0493017841817487,3.1540689574801273,6.0065106654835585,4.328160022094693,8.213883629006943,9.31554914309481,5.817366474211867,8.275236939538171,0
7.9829517896677515,2.2925139523264146,2.4204501586252745,6.881347060865421,7.435939161765598,0.4389994264300512,8.433261677878832,8.209810172991409,4.014617790890433,0.005979388347953085,0
6.4996393077776515,7.222525683930662,9.866625932671464,4.376031240553919,5.062660594952027,1.6574977982015593,4.850946599795401,5.66605258905463,3.380844093662614,3.0781915002611915,0
7.019668772577034,7.200365365460744,1.4249554290151323,2.5467062204605115,6.341040313763314,4.455416387418909,3.3362839583686563,6.570304982341073,1.268240225504188,2.411652143077619,1
7.95792669436101,6.411476328852973,4.988881534513561,8.408715794259226,0.7093221613377343,2.0918546540792784,7.9155820259137,8.983864665840349,3.917424505622782,2.3356736106861096,0
8.900053418175663,6.939484444671001,6.181557343181191,0.38426348962324997,2.54391580841847,0.49979028659678737,4.51294113029255,3.995187845869348,1.6266081510548513,0.681866197654627,1
3.379951568515358,5.427244433475962,7.024649705441039,9.017619921354235,3.618530932051387,8.436496640518238,1.834421964034345,3.2679470585777737,7.3436567649221836,1.8712427041050173,0
3.75582952639944,2.5179905890695276,5.5964868348691414,4.614774646247342,4.724933550065136,9.811925291641158,8.549740195614744,0.10811083635196339,2.0883093549459,5.555495698856198,0
0.93981939840869,3.4569599350391944,0.09770847419183659,6.3720147680828045,0.45648745502383736,7.931428739967394,8.825598767723474,8.265510741914643,0.5856530528453385,2.913610728377445,1
5.78280140996174,1.8159771680142567,3.2646130824399187,6.593539222057827,1.4002409755331768,8.53784921704667,4.663097561401701,8.009807004033648,5.523661378172343,4.1739478232914795,0
0.35942273796742086,9.084505613336283,5.1771164338471145,8.951177407065364,2.7681430779130576,2.419771303170454,0.7569972730978747,1.0445451810015138,5.952297327194016,3.7686688034718854,1
4.655980181324601,5.833917947661204,0.8786649914483335,6.366696821672074,9.715326909010507,9.606269755131997,3.8782608991693124,5.768573811327002,8.719130612805055,8.759049249998945,1
5.426446347075766,4.008514167636399,3.5062693120918076,6.139335847600618,3.3134700710305074,1.9692570445342839,8.035376594626033,4.639816981668874,5.769816124176819,9.052989990105155,0
2.865412521282844,4.620058036441327,0.33203108791366565,0.6665204056068996,4.820410581120825,9.514298103618323,9.017740285462287,1.1870909550911146,3.4548085372344572,4.929569716558601,0
5.9083326056901075,9.472833396118153,0.7857849715502074,5.18408021945204,1.9609771273839294,9.94819293965951,2.0347274249759586,9.805682270607235,8.030118815263204,3.301559503156044,1
0.3050024993904943,1.533514031160802,3.9692327620159604,1.5016900081704165,6.107800710757683,7.117228057460487,0.6697361202527152,2.1469588746335546,5.402788931874211,1.0680070400236363,0
0.37348188749214417,5.862298320167972,1.3271575404306035,7.374337687214856,2.806832155159743,9.81143731791822,8.773504531328387,0.6723418009056115,0.7928028463119174,9.53402879382095,0
8.226005606596583,5.05888678884466,5.675408482615581,5.122219208126745,2.0699257843842678,5.695397795671036,3.894049389788753,5.948473795019096,5.6585056031324665,0.6022694490029745,0
3.601906414112629,6.1145423543464785,6.894649691372657,6.802277792083533,5.16572628445979,2.595417831760903,5.417609642675632,7.3886667713303265,9.080185454216624,2.976502775682804,0
1.2706051265188478,0.18110183820840509,8.005866991090828,0.41672900602384266,0.05505799160420821,4.369958856656209,9.680658120507589,0.32443446047186963,3.9631262549822055,2.9806620117000415,1
5.222432600548044,8.721239089441514,2.0015024424481007,0.8479201604580322,0.07664032649225327,5.93560935378786,0.6656472791422285,6.587176387270222,2.9632580189980007,3.2040128614021492,0
7.699935530986108,9.321182824836123,1.6748258225906976,7.163233880626823,2.1906880910185778,0.7308156202701499,6.483180074520956,5.322918759514544,1.4346945701802005,1.6428684327240928,0
2.1582102749684315,5.65133183589209,1.0456784033440025,0.7208433599867337,0.3672136250082114,6.223432646172461,0.7410542257486707,1.0326500887504841,1.5144552193535732,7.831614309236972,1
6.228904758190002,6.966508238768922,6.364302495436367,0.712567277652586,1.0802575413069138,9.811778367622946,3.7546892846650035,1.7252387694636206,4.327714843418189,1.2249786196598922,0
0.85347464993768,9.224993811772958,7.064757264869011,0.1210847523488745,3.388606493387516,1.9010764978372763,8.038145451934467,5.679742973160805,5.956798241615296,6.349066591531628,0
0.516817211686077,7.072386343133986,0.3158614482564204,9.5650139829948,8.025856795798129,7.925951162883833,4.334722327556344,2.9635761351328838,0.8061540516960175,1.2384602670581746,1
5.31354631568148,1.5253904291426135,9.362122462436899,7.37508359459007,5.720486433693008,9.078987937796194,9.971823539029504,9.38315728651316,9.395685890251658,0.7053563759295656,0
5.406351216101065,5.762883601668132,0.5197128365147241,3.5325140850206416,5.126677259564164,9.437015928202207,5.590592849466022,8.187402294840508,7.55133617445196,9.094295036858766,1
6.374299014982066,6.067150463828559,5.412963353010705,2.9653558128765525,2.9348882320812164,9.601356044054473,3.2116215263595347,9.835672065136631,5.866239182836627,1.9012876631870568,1
7.260913337226615,4.24130671302386,7.090605194509164,3.4970322974584955,9.317537194328164,5.214596387214719,2.2011132590475313,2.5967083895041396,8.284386709389908,8.212501545597043,0
9.758520794625346,7.3644423562472285,8.709691237460856,7.746535311811819,3.9701504123719165,9.773079079915037,3.5052053428616183,9.69723632797977,0.8018675681211329,5.446308711071358,1
5.163003483011953,9.343670147690148,7.140869321324278,6.613706110704144,0.8709276679577149,7.573102071344389,3.725332737595508,4.312338697915578,4.768388777331244,0.778565196087696,0
3.2295647294124596,9.255685129067764,8.017280830697919,1.8519556786746794,6.170665161178013,1.616714362369619,0.6871367772396098,3.4751879531375462,6.300931268616634,9.554481914380675,0
7.9518619476870365,4.508393714041321,3.3945019254280604,1.7410933533408435,1.138383934766014,4.7690010646797,3.6957419942677316,0.5034952696935324,8.286529061182893,2.4696116699189252,1
2.708322512620742,1.1323804584075525,8.148251137465122,0.9839564971339732,3.452231428016921,7.18331175372004,4.642385197392249,0.5276525785960262,7.834695600492677,8.596453453526065,1
4.389714207056361,9.848411989623346,0.8011484638467514,6.603027197013382,5.074119387178088,2.473403158190833,7.227377522388046,6.920112559466547,2.7706924971339966,1.6881000578456418,0
0.7845638134226596,8.388980864459342,8.948166560605276,7.643726622217359,8.742225246851758,6.406151835488874,6.56729484721608,4.579289944340279,9.408801695592043,8.539428821418529,1
0.2535074341545751,1.2466268120326685,5.475923761537363,2.6504642832500402,4.935465803401186,6.666004790466192,7.087656552291542,2.265216260361057,1.2434584143087035,0.13228812905293985,1
9.626484146779251,9.208418826173723,8.172977699624937,0.20944961030912812,7.022587660316643,1.6269974380856589,0.08363681876857099,6.139703063252327,8.751336186211521,5.117804565694807,1
8.359801205122059,8.698963620621283,4.523182845183001,0.8217166747642735,9.928168389990704,5.650853124527563,2.1766739958053605,2.528581182501112,9.709402496046186,7.694425794215568,1
6.95974206093698,5.188380571260721,6.4357769519652495,9.678600348450304,1.3148911989798162,7.716269109786077,6.616842883998565,5.776317543444226,1.7715352322262556,9.347955174927833,0
4.089529444142698,5.912754357449293,5.264026609361132,2.9544477747742026,2.747315255195195,4.988956645359419,4.839893681797472,3.5920874698269034,7.220660642037853,9.09202136206487,0
1.7329432007084578,3.9900270387013026,7.315895217553319,7.692231478381336,3.945760755976464,0.12103116776107425,0.05313475668345946,8.23552226611819,0.40285518777998464,8.196248695476449,1
1.5643704267108605,0.5476163882203133,0.8162998203058958,6.2466356885426375,4.218281785388314,0.09038469079292177,8.044946424318223,8.206961607667793,4.0542282513915495,8.881913496613041,0
2.502428981645953,3.3519724164590095,0.603520839905638,3.8193963965289592,4.110210752655457,3.570293439700122,7.728095732903374,4.773503981224013,5.162832991976741,1.992196858370765,1
5.4922666470612045,8.028534485980114,2.4710323401014644,2.0568726219555513,9.07611002556555,9.26194068431782,5.484191629935626,3.508191093350156,5.806452259096341,2.8418429571172874,0
7.145959227000623,0.04632023004602859,1.5954468011318834,1.2138641815940643,7.140326444668564,2.286767796036088,0.6646332577627212,3.6255979655909454,9.359372482485595,2.889685249210585,0
6.601973767177313,3.334991716911442,8.717835665922017,6.150129680388666,6.079052140907038,6.343636888716872,7.665150495325847,8.05714525668218,6.722506872941947,3.7705393100169884,0
2.7993389694594284,3.9816869359094333,2.192139873580443,7.74633780637788,3.093727178627821,2.2207587069332058,5.8371358773136395,3.28179482797612,4.81277951219237,3.933206703851887,1
9.54865280663194,5.373956029379229,9.758652558191313,6.439042535411307,8.237903842212948,3.216699896595486,7.8195997715795915,2.09059373706846,8.096750362658893,5.445553246546755,0
7.378969166957685,9.198556164127606,3.3689579177110685,5.303021332491583,9.550605114849889,8.48042089601484,7.517469923958404,0.8468834187530683,9.50532820954409,1.5987976336644139,1
5.543540525114007,3.4634599436596125,1.8211791568869928,0.41951223431636264,8.211982825502265,7.288614422699469,8.03002071957837,4.666931208844084,0.22066148682290843,6.912466637859893,0
6.117207462343522,3.469532018962277,7.896985071424791,9.684887775943839,0.01565105191472904,0.9539927731321063,5.1800806640462485,4.821320989198419,9.825212722560387,1.675665393045065,0
4.196000624277899,7.3750124810974835,6.587077755008761,7.987141916545745,6.36401370183407,4.287020209864336,1.40324518193515,8.409087104029071,0.8613213906368034,3.103084821045475,0
2.4773098950115746,4.522179408898071,4.98195716453139,2.928220367009647,0.5113538144210072,0.2916976364526447,6.711574733796887,2.2123869644606398,8.143867792687614,5.03345130606154,1
3.559726786512616,2.2460482293998196,5.553635509376313,9.799703293588507,2.5760722033372185,4.80890146603009,6.204737850519706,3.809912736683999,2.803347525514125,7.964405615234773,0
7.578461104643691,4.524395161326934,7.192017782722639,6.018815896363221,0.5952470034777169,6.62434011701068,7.422531871990872,8.084057388936909,1.3217965775387175,7.394692332387272,0
0.14393488629755868,1.4085702037979986,2.2845474133129873,5.824226582072464,6.037954529493877,1.1850262359815156,1.698810060507353,8.236236107489734,4.398556397138349,6.455343564105222,0
1.1607264050691624,1.763869865062233,9.963339160567418,7.4807317942953215,6.865899134926067,2.8888493890916567,1.9497519990028922,3.846110759787682,6.4395657944761355,1.5577326058017016,0
0.4600264202175275,4.983677727394797,9.747931621467831,8.117697880901375,1.1448763806590512,3.9783662550215695,8.904095172193285,4.591240232866809,3.80951845023475,5.470453456155777,1
0.40728802318970136,4.189254495045479,6.503256863469369,6.564786073315027,3.838388830449795,9.195310246560497,7.499777984520708,3.0328589084928295,0.5456540828269896,0.8744650179988545,1
8.554605840110073,9.148459010681,1.9954245092914513,1.2809574636620003,4.562365089555421,9.93255015422964,9.08228488700323,9.32554878419312,5.994611396587166,3.7736317679665077,0
7.036578593800237,3.623938991166331,6.802282424312914,3.382675059944984,3.690530217609166,0.44911298995615856,7.587153211639207,1.186437657415803,9.024032761106747,4.135165302899591,1
4.741738290873252,5.805883502780435,0.7219840897917584,9.280836403260498,1.2102500048519305,7.61007923495392,5.971553059903019,9.3374942300147,3.832153659472517,0.39811439445753827,1
0.9783416065100148,6.322642879195303,0.30652502205806065,2.2461561184385195,4.1894779018747546,3.717240664023432,6.5413273702787365,6.838664518353433,2.1633277763082703,2.7398809946997185,0
4.916158751168323,0.13094456588333636,2.576828885112137,3.7216702383751334,7.511780478084181,3.9245818622948003,8.891279239400099,5.315721526867312,4.425773459328154,9.556494672664893,1
4.734717707805657,6.635373720167106,4.626229567393163,4.32076882944196,0.7100766453325547,7.542649733470227,5.7880675451194055,0.32659060784495875,0.4836271104878087,9.536326078296895,1
1.7320186991001518,1.7803596686975143,8.682725054083805,4.394049896944522,0.8018001408190345,9.184264321454087,6.323913243283874,4.755961918220083,8.204875844802748,3.5232705425253927,0
4.33851649237973,9.610703174694551,7.271690697663081,6.129395824945255,3.547712918359842,9.509285945025484,1.5647671600360058,4.077481050027323,8.263408109501867,0.43100108948324056,0
3.9850473439737346,1.4866272775311296,7.42706521199981,9.430758377447075,9.417257116189251,5.771225860383208,4.739212201161028,1.6121881197512256,5.880004634296284,1.7909493932818155,1
6.158500980522165,4.146241237270237,4.2549333444807536,2.40692711832505,6.6857264672291405,3.571211593005028,7.16397111958099,6.564096035006569,3.5310288893838946,3.9221779343354015,1
6.350936508676438,0.8534966807864386,3.4593499254696294,1.2150137630091806,6.786699566725648,7.875490858587792,2.709426983163654,9.711509073682858,7.997833644457834,9.477796979692299,0
0.4530400977204452,9.968742518459473,3.7103876298460268,1.9747048985993731,3.6191999083786497,2.5100138326230024,2.022541805245349,5.621888110645251,5.546870247883672,1.4119906353718492,0
3.746126146264712,5.021950103312426,9.876495637360579,8.869249002092696,5.9366079120853845,5.640740288335177,3.1382680822441555,7.147532764439458,8.259323085500162,7.635158436682122,0
6.258599157142363,5.953850173200438,0.4010919141248248,6.458108126552061,0.10131184027743378,3.5857846152487314,2.4150062799283347,0.6845045256601678,6.314587925830207,1.0868253937469208,1
5.031362585800877,0.6707647738842748,8.670314961224486,2.859067892391601,6.360960464095422,6.566310737078761,2.1491263703639585,4.176669958169947,7.844054732127973,9.81257577391277,1
8.564898411883222,7.499604703991778,5.786754085723934,8.159469389686173,9.132869475762368,2.403989128935069,4.24850842868087,1.1635848516449587,5.985629932177599,3.81616499109135,1
6.58693631618945,2.0990559309558576,4.386154191895905,8.61369996363436,6.125734683448192,1.9159294573482577,9.07838513883534,6.127958355365104,4.141410682156662,7.752345388990561,0
1.629344270814297,8.980542894407137,7.252576604151365,8.465143386902781,8.736985934663451,9.182390866754371,5.070596467387183,9.384821582141546,9.579458599261375,3.425910828111318,1
0.7056874740042984,2.0513964048200717,4.866689414247029,9.189265336395545,7.239730554660938,1.018036829495369,1.8792038081532303,6.617777324716386,5.411138248788447,6.276688771588087,1
6.424192782063156,1.9068772066366657,8.734232380816605,2.522410201733616,1.2055841640369025,5.059579077349317,0.7697166938087407,0.7680304831442153,6.050895185405384,1.9201608474003673,0
0.26511310541621813,0.3654966784809488,9.007018640112586,7.550419287462783,9.024533072858418,2.208527829630089,6.961561451379252,3.5466620498508283,2.2048763941474925,1.4602101929696254,0
5.8577558127346325,4.720669451099992,4.217209268734554,4.6053949727414,0.6644384435577488,0.3892996332566745,3.827987644363878,5.506633794408515,6.256507894272765,9.380641395681312,1
9.402302414249576,5.648411332626164,2.768277972350516,8.419985528900614,5.3396747254776376,0.3601881829142639,8.218309465853594,4.032077561332522,5.716076494829439,9.176472779044335,1
5.75474177875879,0.6570863942835237,5.923503285933622,7.284906771616132,1.4213712379345766,1.7522177210582734,6.595107686407702,8.336440104751723,1.8483839794702495,8.874689402128823,0
3.881699262065219,7.755276166950106,9.12363345616691,7.764474464997246,0.11706610730904066,8.667703545060002,7.962414505413685,8.146710047099893,0.5958709735314371,6.254334501665935,1
6.432882184423532,4.532888347480276,2.106621890056666,6.561618376810715,4.22034260127639,2.8247874397702666,2.7194603941844875,6.118310201032214,6.043593197147711,8.082682112162782,0
4.582528904915167,5.243902693275801,6.229665835634828,1.7742876946970687,2.9504070765415626,9.504591705752958,6.9235892246105815,3.7345794513270523,7.636922693503205,0.6903693691137491,1
5.45616789315935,4.407627469382281,6.3156022009252055,5.450269188969383,4.86000493797603,5.816222929891936,2.640619846937188,2.5533637376324414,5.234013709220083,3.3478904189067915,1
9.41464808776525,4.00763060875326,7.33113022415281,9.846697395245082,5.771998867345508,4.366141897687661,9.390684794502915,1.0587431821312931,2.2677262531964573,3.1370312475715623,1
3.8610263780077423,5.596403313082179,1.315676851272598,9.373880664971189,0.4373907230894736,5.800888346694546,6.363742815333744,3.5489768348655404,6.665219766930349,6.3564532195261325,1
9.611905638239142,1.552402459307125,7.158249646820885,0.4317373579701167,1.2300329512374564,5.166983852262677,3.245118001753421,4.1317251720771955,0.8010572660960225,3.559577734706405,1
9.053506419560637,1.8192813049527112,9.09032520665641,1.6481481572943713,5.586423964504253,7.587762537573251,2.6951186229227266,6.758229251040736,4.418337048019546,1.485067816436808,0
1.9579113478929644,8.617856210135173,1.7968310887024197,1.317287734545619,3.4316735317265823,2.8249606597285224,1.909265850716435,6.581598242975735,1.6336675839842019,5.964670754135437,1
0.6936130087516545,9.461154621336327,2.3754332492387764,7.259799099852955,7.29173487549448,3.530503916003024,6.946409588937278,0.7010813964125695,1.8445905105988336,8.143839206690815,0
1.0077800137742665,3.7330931627975295,9.713950940416396,8.17785329856945,6.522916485919397,8.940943025332507,2.187156129979273,3.952593154311578,2.0229394915820365,3.821234944599732,0
0.18221825651549728,2.707446731435538,1.8097695270948977,2.1351136631067194,8.456043629899067,9.464565131504054,5.953032659274891,1.8177886721736192,3.867070570439779,1.322687150984817,0
0.944429607559284,6.439995432390157,8.543850933695792,5.05852692951829,6.924928266692253,8.925582274864745,2.646350269253573,1.568127053168057,0.5115020562039763,1.9668819731282305,0
6.830067734163569,4.087341710980964,4.922778564480348,8.407030280112,4.299310773901482,4.194479939573136,6.619689447938686,8.27302149737246,3.977934409290982,2.37483305169384,1
0.7118864846022899,0.2538635566034486,2.4723107440317706,7.328015447662506,6.729666223944324,7.803655030068817,8.149397285405392,0.4191521671625753,5.117074471147008,2.998975929945362,0
3.189756302937613,1.5615259736619036,8.707499012725114,5.422372054918483,2.753811742554185,4.763357333010988,7.780252431446532,4.191828759021213,4.832942849663252,6.4279507050630915,1
8.448753109694545,7.159722288473976,4.453052550026655,5.903476904587729,3.063134987782127,4.975398521461022,7.608513309307817,1.682036557665182,3.8278410040304056,6.00945484537719,1
0.23271935735825866,6.589239419101514,5.148173539296902,5.0836054691628,7.889851599207933,2.0468010905728393,1.8772240569225207,8.79330215678474,8.391466080707525,6.960798615670392,0
8.144684825889358,0.2709599250348349,3.5923336939976567,2.9754845131882055,4.4641951640158215,5.911303032585165,0.8838494698451871,5.570405132750351,1.453266924205041,3.6250198453151317,1
2.8185477477339993,2.219721619329494,5.9295085143492745,5.650219928590161,7.983803405183525,1.8613589775334793,6.989488284873856,2.3138063637684803,5.056967437813739,8.239976518799782,0
1.1816482762165625,2.310747965880714,1.6352387258502277,6.888853020500907,8.224223736682784,3.3156469906719375,3.683472137943513,5.024272871663764,0.620414169565543,2.0408766115576027,0
6.967371653641506,6.718927435987284,3.910815366517607,8.733229158608077,8.575623376612837,8.550302016199351,4.3234622640334734,7.314863597031158,0.7115567887790974,4.690407475181539,1
6.28942846779884,0.19710537754364155,9.694123223352875,6.362913539792481,9.166352358412073,2.0707580921085524,0.31149092793391064,9.581180089194337,5.738658496770963,8.009387215414304,0
8.77472013527053,1.0410858198457384,2.5813343270112754,7.61121537043158,4.309852205132962,0.7115828517343281,2.595764492750492,2.2044600424541896,5.66018424887821,1.8015864773261925,0
7.350710438038858,7.999160853731894,6.567366645412922,1.60071634954573,3.188668183211388,0.690075926128163,0.3367640387446402,8.861817721293452,8.78033512844457,1.0986311374078295,1
8.034809303848485,1.7854466205433361,3.251900642246949,4.6155747441978985,5.821987465941138,9.407845205031078,8.791857726012477,9.343041141674902,5.5787367566007315,8.836839676879897,1
2.820345725713065,6.527461078518747,7.734731256866007,0.09331619827093296,3.711724234376276,5.069204379618347,2.4339668321853045,9.164205445320663,9.597910204048501,3.4292966275919587,0
1.7743954377972282,2.381827810467265,1.3087366071834983,2.46678864521623,6.010741668002329,4.094120718170183,5.5733716957300805,6.354143568619098,0.4869484839992977,6.83870124909032,1
7.506147516408584,0.9944139275934516,9.698210450785448,7.264617151130048,7.055858626438246,8.108785810079183,0.3897932066113041,6.298206544347077,0.9800768478074107,0.2534860426393848,1
8.06834739267264,2.4317219099945406,4.5378954138363925,9.918099513493635,6.884050184921369,8.35825927910516,6.66847391305658,4.032106331838228,0.4406586157038139,6.900468884094496,1
9.905051420006734,7.2226693185565916,2.3605046334646396,0.9917809958721591,3.7455288702012135,3.321910331156046,3.230273457540939,7.523978823037879,1.8527685033354002,3.1610131154697054,0
4.126176769114265,8.556964681062858,0.7349674733001266,4.0149431586128825,1.6686020169875282,6.936180574737953,8.979191869576658,5.312940183509319,5.412701109416781,0.5574085358744174,1
3.720180857927832,8.302198645669916,1.6975790508754074,8.000709686991595,4.305293384622075,7.711228158518866,8.881181889340358,6.7743807122829445,6.4557218142742805,6.09812761548117,1
7.764129607419968,3.9718352961845484,5.197739485560176,2.0403563462889887,1.4259414408190874,6.546506868659545,3.252906183617478,4.284579038487955,0.455851579486688,2.4080381607317323,1
3.4080354025301784,6.680851365706461,3.3700317643128628,5.550849493022863,8.900970351838083,1.5159507480009937,9.009608956904678,7.31496464043139,9.459708898455993,3.8680724205188,1
9.307573256035647,2.0498429541582097,8.288833658826094,7.330712960296748,3.458774607378574,8.75883083517057,9.961576734987789,8.24471517604549,8.42165376650381,0.8058081228651359,0
8.584127518430119,2.9314773026101326,4.308875236618059,6.159854502601791,1.5445974722332378,5.390945527360087,8.254156641239481,1.4643625660281612,2.966124821570931,1.4716325109494532,0
4.289940273750183,8.963358185211197,2.487142725876299,1.8802473461541613,0.2544775990575088,2.8247242637000367,8.448713477552289,8.32929715574228,0.7718753022646796,2.9797723549584374,0
7.508710677914974,0.13001923510736035,6.171449866040301,3.553845686857394,6.458223862864843,4.252281854376939,2.4900873610908993,5.402965317903073,1.6988707321905727,0.8975950056015713,0
7.545428740846823,0.8550853085446808,7.067772168854458,7.837917844853973,6.369023174547433,0.3757109039890738,5.767023988577563,8.446659090902243,1.2694441375497267,9.108262646863153,1
1.031238688359326,2.078862551460273,1.6704190790094986,5.542265141320167,3.406041665812917,1.2786680122241756,0.6725591396736785,4.313017063410146,1.2328377929894685,0.06047043183978418,0
9.025529066795666,0.26532203873819715,1.6761921628831766,0.052296135429127366,0.7171188884765101,7.655467505158608,0.9491793682166971,3.79040485383035,5.185616886657339,4.838602188643114,1
5.052523724478571,1.8143543508979731,0.3667142693354297,7.6099076002809385,4.096288948952321,0.00011634755366141114,9.988926120332906,9.150607325172224,2.458474424934003,1.2324745813255145,1
8.264574661077416,5.830415609696922,7.364020150656405,0.3531135494023907,3.1121749506339356,4.165658284822921,3.2663924942591094,2.5116926754840128,3.5813971652914445,3.076790894779485,0
3.2004960103061175,4.214245505924979,6.638045276218051,7.457337827312322,6.7712063973500936,5.225101810855884,7.481839120488464,8.442123252861432,9.895053333843224,9.260595598182654,0
8.955232284962005,8.926717110769749,4.746308757498139,2.024805601652374,6.057792494526904,0.546344200009723,8.066650530268165,4.840205725094041,6.843142489253448,1.6169455327398685,1
3.892016787341631,8.17443561738441,8.441704489691972,9.580734801193802,3.6459372819754,9.730781629723328,8.580232710072291,5.140954425512597,9.489806670470013,9.658323197183327,1
0.1083765148029836,3.4181735169787597,8.056701529500533,3.679407513020845,2.178925542549901,2.261253312496719,9.976282974021565,3.0846828148948404,1.425565550331156,2.057943769894217,0
9.053819764192637,2.594234334312925,5.853543643967521,3.269316163380791,9.880359661555918,3.0419871963628085,2.414964852568678,5.730422006190157,3.8213947483256927,7.4156610846682955,0
0.9128667678613356,3.7969240816726693,8.682712805132587,1.4888805033244468,4.540016211961149,3.0394251225502735,0.40350826859699707,3.252111962762113,5.547318032823543,5.466772648973118,1
3.1931363759041487,5.902949425148077,2.0584121003676827,3.0560421549021486,6.88274235780237,2.304166621173499,4.11191517994586,0.3926941424165231,0.7675806188873802,8.844787275967592,1
9.50061967050805,2.6806364082287626,1.1191961939772788,8.766507618282006,1.4055296757836078,0.01473822086311416,1.3008066982894695,2.7199860534435603,0.04187443627957865,5.539932555031309,0
9.506071469375561,6.24148907849134,2.697496115169896,9.963343376272473,4.855896996593978,7.293447940879964,0.22425889162055124,0.06379043406590679,6.704343337969175,5.345592191563087,1
5.734378881232861,4.0941165219124045,0.5708685608931485,3.683095305068483,0.27536719869465487,9.668454997992853,3.604268271414861,9.783547870568567,6.418195168014353,1.9545800036839989,0
6.318372121697992,5.520471808519803,5.31169528001032,4.486106309545425,5.054551179104499,2.242934832850451,7.837382510752365,9.657472098197475,4.107888099996117,1.6622936205165872,0
4.4844552197831975,4.361265291353167,9.366056922949614,7.220709382027371,9.640174071177023,6.630471918034225,5.661806912250709,3.9515529747230502,4.896440760320326,9.164891511155142,0
2.9321077169806453,2.9446575954191765,0.39343540668509647,8.861957804650745,3.8420671298580023,7.418963269587151,3.1277798921035407,7.28370854339646,4.154430005920896,3.2783819885003407,0
3.2866454536991596,9.484533069621566,1.221099140100268,5.930443341867841,0.38996012574911587,8.484253790905248,6.543420054927197,3.45806098410425,0.24005044844888856,3.7208225496289593,0
6.725184560770384,7.636057941597608,4.521990282834353,3.9152569817782936,0.3095579091934353,4.226291970136091,2.320181803088107,6.710931570859761,3.353716062174624,7.5982365842838835,0
7.5237452943768,1.4011317576645255,9.33875017527905,4.126218408486237,3.879867599468695,3.0293090564042924,0.14381446072085025,8.05430043045979,1.7708225539728983,3.3882348242280735,0
7.915790437258485,8.684679758979128,3.161561049767505,6.956181464968068,1.6002493646319405,3.252951340230311,7.643533864364274,9.467562446922408,0.9842418910136874,9.520624466390027,0
7.896181427945539,4.874311982495136,5.072348086883924,0.032182636042786816,0.23352096328185912,7.126213330985128,6.237430848640091,4.00212275849672,9.567204338893498,7.379277689988003,0
0.9120610304869037,8.945522268940914,0.41572859050392097,6.195893374598407,7.562136139501768,8.16779466505636,7.6230262450096,7.832979829560477,5.993597250421656,5.9742924257342,1
4.944203047025814,7.998552559473152,1.4834320096208886,3.554930104413574,4.585230088818907,1.8161396775660266,0.3893801668766561,2.659284506321188,7.286562842366027,8.808951605447525,0
0.5755876001664428,4.252135044692334,9.86630122958847,7.941973312770843,2.8924477197265452,3.7094100815776523,8.371196278306522,9.903323037936483,3.153637432661175,0.4960590834948275,0
5.495288823237355,0.22469308320117398,9.651186964360456,0.9299063982313216,9.000831830164808,9.0194019674915,6.195262000363034,0.2576959876435114,3.931471294940152,2.5706269218920874,1
4.41530501373377,2.686773593849461,0.04939980934409616,5.882022669483905,1.161389602005256,8.066935196947393,5.633953507126401,6.035288065011209,2.369239938967235,4.6503633422091,1
8.877041827582998,5.416342146608669,9.51811785423239,4.809728898861238,9.559188289553193,9.848584027624758,6.246140481145316,6.595059816513271,0.9696567096542474,2.2697853947152105,0
3.5091501255207866,6.334782198261473,6.391199378155004,6.423255259052274,3.139667173773528,7.542482596820808,8.644332468683642,6.880455570741288,1.790316374415838,7.439051873021519,1
1.1706701642760586,2.578876854332023,8.679182945200221,0.6485359448296835,8.884036723086812,3.9319520102792227,5.86936506558907,1.2038757878908901,7.975140452964858,9.192080310537252,1
1.4299168205283586,1.3935607407282413,4.547398556338591,5.799837874281312,6.029428764794615,5.906378339946378,5.809503798881793,9.385297834731304,6.7754580518377585,4.2377011993092335,1
7.615106317174723,8.34930236799299,5.155960285792503,5.614845879595237,8.267073597414875,6.610142542473203,9.906791570657658,1.811832790500828,5.469288759854769,3.4213260011189495,0
6.182180633162611,9.84402180703552,4.888465802569202,5.606600944161709,9.840131632104644,0.7845581631712395,7.56730167068568,6.2275340323984105,4.75089872866768,9.615507321375663,1
1.0112267612279024,5.256901823026858,6.668642575461043,6.034876665964548,2.8840543781874572,5.444969591038651,4.422938054511353,2.2267607912308494,9.224342836561245,4.448524328275409,0
0.8410680611499743,1.716792858483035,1.396512547563129,6.764679372263622,9.61135485407593,7.093208284726096,7.073970000329277,3.0721641702127087,0.727349477786684,4.890484004492832,1
7.009691314591199,2.7230732651936895,0.2997358987267795,8.049889996807698,3.8948189490242036,1.6732130400106038,3.892304716917885,5.464585417281244,2.8060081323791595,3.516498723419054,1
0.7276300636419353,0.18390676547466733,3.079299415911909,2.6982072012821434,3.8551190473692234,7.806317174255572,2.28875462483499,4.171934185645765,3.4993785357071405,9.095484730121385,0
8.218600592903563,9.14298806560499,7.0468076273664675,8.250494101800621,3.403871042545057,5.8377278051411166,5.968518768877594,1.6022560097650629,7.824258122127878,5.689554832818508,1
7.062422271564962,1.1775108289014113,2.0185345212294834,4.982556822634536,5.414076073475852,9.522217856975946,9.281820981139514,1.7093640242084829,9.925146201619713,7.621745871816446,0
0.8134878064189976,5.765164755142536,6.734324333249173,0.7705827913433116,1.541450431784871,0.42422298206891695,9.291395200154627,4.181447881627997,2.4067051475715306,8.118067183508863,1
0.8483771408519192,2.74055220687206,9.699120461072704,0.585509292439792,5.537114853580112,2.6532613755546697,3.419052781054903,7.572829782755007,8.743073341370806,3.418490419172582,0
9.866395785011754,5.541780025157934,0.9390071578941839,3.3423831869606078,5.41704812410004,6.015538792998241,5.276774662216949,8.979646468477885,8.306227604317913,4.3369433132038,0
3.742707957561203,6.514203883518642,6.726021182251262,7.8489697711146755,7.6190181260487,2.9655991220593068,2.116358985698612,0.8412766225938284,2.2465739764176664,8.484717744062646,0
3.706421470668909,8.297418037072017,4.437502193045711,7.076809347409157,8.336499619375855,7.144241640712422,9.956311094988834,3.9310390755940103,3.993325801992226,3.6325535167581027,1
8.127995672575025,2.064212717606032,8.681422543775053,7.886149646724064,4.404413503124241,7.59005282521931,9.811179078679357,1.0024556372287663,4.096728692925192,7.939351334518513,0
9.472485773838587,0.10995828658480478,1.771497894473859,5.172690564416094,3.0233324935149373,1.0251596406647445,6.495089297074474,0.16592480632597884,9.782206685265583,9.409923225744372,0
9.860010638228708,1.3688563006880727,6.926259522261645,4.401989979554905,2.5933489731709445,5.138544642067677,8.044140596774733,6.617186826439566,1.8089190137889832,6.23210373068007,0
7.533781852589416,9.00018641848105,8.381152896481103,1.4745252670628395,1.9462383670487193,5.088905555910559,7.151001612837,6.024494419665878,7.99157971104782,7.416272874518889,1
3.762595855309158,8.738900775625153,9.446142194740233,3.2819275360931153,0.5764758219902488,3.6928077021554104,5.931582190394682,1.630191138148862,3.341927141731099,8.05097312041135,1
0.8350071669866876,5.974131021703083,6.832480282896459,4.340193661738753,3.424479788347133,9.32924862569672,0.533479969888977,2.3381283309306413,7.308703457761604,8.450396488966426,0
7.771469159274368,6.005168604336534,4.971747640084273,0.8860042967961723,2.7024769213078326,8.275063198732212,4.54764342552661,0.2370775364451838,4.200110042956629,3.9505333785679597,0
5.58404249735805,6.650366745462555,6.178472402012138,2.2061195271121123,9.664173858664073,6.972093819096368,6.747863021674105,8.349472056944037,5.7835976311654,0.5126345917599817,0
4.242220092469763,1.753712786234496,8.689049844787181,5.982252940637388,5.577088262500439,7.143266357349976,6.775316138836846,9.746905960485515,8.326117733261311,4.018762712367395,0
9.06354385094736,9.144119459249598,5.706097466388297,7.356631142391898,3.4727703903050755,4.617161438131191,3.7312261842238357,1.354595367946908,8.041655649838841,6.737562297840897,0
1.1119748230615134,4.187705248920731,0.3038705969683686,9.983475113929497,5.80467600993696,9.209945210965758,9.416919866580306,2.314752137652981,8.664231835397002,4.503503857807928,1
4.926251042908591,3.8313852824949746,9.309486955069778,9.331133313435577,1.391967013456955,6.945954272532854,1.67357032236781,8.68409523946934,0.5961732534465902,7.489631508603986,0
0.11353644767419069,5.189177052828375,6.895267510315612,6.425651995351915,4.4404374920220295,7.289810616558165,5.003594462155606,9.264637979561849,6.920505530397448,3.5698242946866388,0
4.6866064199412625,0.46965966775055046,6.765133857772465,4.21248053294072,6.262343214210638,8.616909037873452,6.908839765508228,4.196273828068104,1.3998737672176287,6.347441411040295,0
0.5630327568183735,1.662833687560794,2.1567515239771717,6.361773647082327,4.888978317924514,2.74071589342191,6.971358058918092,0.5062247226907413,4.1581856801841095,1.8641980485397458,1
1.1881791626807192,7.380336164263705,6.5888547023265716,7.85651618080232,4.017788006543243,8.07070903866703,6.486389567688155,0.393918336928194,5.485884150546885,7.493694366449569,1
1.1752624677710488,0.8279866792512647,3.938644056541585,1.1833619092338732,9.938483888996982,1.9524060295649204,2.7528821345186016,5.739498660690105,4.027394847468307,5.456959688130258,1
6.492103021160636,6.031521094663882,6.512329770414921,4.099048896962882,8.80314762148927,3.453419522448878,1.5620656868662197,3.9289510889317905,5.196116758030075,2.0406438854660056,0
7.460448792654233,2.4534910968132095,1.0659303030799072,8.398022856356173,6.234059581594401,3.356104542698427,6.3594032682671084,0.28652427577654516,9.965263087986191,2.9191117349780726,0
5.833687650971596,3.8929561404197655,6.5784530460303605,3.83832951933044,5.693773611822827,9.785254683891406,5.993021161394378,5.832523923125567,1.3521731371285473,7.4860870858183235,0
9.621725484745419,2.8869373677069987,9.994137257706665,5.718722712271865,6.2066047982458405,8.565372237479268,1.7935601028924097,0.11302536589022472,6.754560453364256,4.826012356615207,0
3.748705795237041,3.5567271646494913,0.4821203886055603,5.877693608621982,2.0131210782243327,7.011698615902597,7.051391455705634,7.87371958149273,3.960009663856152,2.1603144039307223,1
2.8571208628186073,7.1904590518424545,9.771741842213173,1.8447625313363936,3.951377432643186,7.270567616153901,4.551719917336564,3.064328227033716,1.3300979890732878,9.672711903702977,1
8.685991281894603,2.9712171562317504,4.069079607228706,3.622354416522884,0.3945953289089932,5.6207279440257105,6.6776059160315295,0.402580030092321,1.5873676337430953,7.15125019816888,1
2.235958385194526,5.664046402968972,8.707534503372592,3.3451128874193214,4.7554603748682664,9.47090667108519,8.373670797701507,5.883522209831533,9.49273106245617,9.571348325397961,1
9.632225394406113,4.760504021990997,7.823854840582735,0.26196708532064794,5.4302458395766315,4.962587528823615,1.6972842857692316,3.976844144330547,8.796014967117621,4.271050453603432,0
0.12154474689816341,6.636711653626481,5.6701626098666775,0.24191763891355245,2.277497361032096,3.8051770986989455,0.1914486799683668,9.738004133571495,9.070419604150219,4.751003406917205,1
9.69878826707639,9.36829739324758,7.384492092513265,8.316970436757735,9.640288471655138,1.63035336931591,7.791025863957868,5.441986625037022,9.915327758273865,8.979552161850192,0
0.43159911950576113,7.325720972102503,8.78515561301348,2.7307080997281243,9.09454610937242,7.86205652261058,6.096974251526159,2.752391810370083,2.0831539000851795,5.250493402453847,0
8.911431136980712,2.149403785907568,4.0414032165103295,5.180787662388155,7.221432354559059,7.344439320755915,6.996395696221217,7.094388646339747,3.5543933736406172,7.072789119056671,1
5.277011090862999,0.3118313506128467,3.270331615632387,2.9872557358877305,5.333866287653626,3.8435503852413486,8.381549749886425,2.714920025427113,6.692190299248667,2.5217287749552995,0
9.929647961193004,2.622640442998251,6.675933855635847,9.406792451153406,8.69969159647685,0.2519341395922936,8.028109348245005,9.04243291407565,4.838025398606472,4.467264687026406,0
0.7379656473539886,5.9507793070025485,8.078459419412585,2.5929675886577375,1.3065234382346291,8.389973277180108,9.609201469288246,3.747219705073764,4.183895333783335,1.234498658103551,0
5.538542844013207,0.5142581348425035,7.622851347766158,4.296568127389351,7.90509794274885,0.11417983454073632,5.359350788521182,5.498685627762052,3.5781124933559303,2.0598003587696168,1
9.69302535619099,4.963662472012364,7.978136488586345,8.727302504846019,1.248208139668483,7.0369977962905095,4.884956326599053,0.5057310382422886,5.937806319434522,0.00943415267631087,1
5.230978441701488,5.968428489168892,4.35583314812933,8.419335667918087,7.942106625494054,9.70257109726057,4.018871998907301,4.261212379522307,5.75593428640082,0.3926505164866023,0
6.293986381352625,3.3424389081696084,8.178342161750216,1.8610141784627732,2.7576756825135695,4.376613281482035,1.5369104284420454,8.32363539660995,1.6145783406424008,9.772838231769294,1
6.957486889846171,7.7091220374582194,1.2020905537060844,8.026433097957105,8.770905810181889,2.349734049959528,5.726072328820225,8.05648805363342,4.71739837518439,2.4235369513676233,0
4.545410647677732,1.065982531337718,5.444890979608496,4.581868867378926,9.440420938253979,7.0487101004338175,2.7701252432597876,2.2431855885352627,5.534717762098499,6.633107095040019,0
6.275580800840634,0.7513778173580876,0.057586604981215705,4.829688720853552,1.4879596940511564,8.171281420155852,9.213075122129755,2.260790710105627,5.702869387313905,8.390996987996115,1
5.843143119231002,7.281887562036033,3.2458582990027027,1.3347997241594378,4.626756050653935,5.464303160778473,5.8319080427709755,8.173053122132368,2.101071929123518,5.506604592365642,1
9.01158010490989,4.954913162061985,3.664615348713979,0.8060151375712465,9.809873781626852,9.670352752561461,5.928401805081101,9.303984201693256,7.422713922522868,1.531445000839562,1
0.4544638034145787,6.88402396427736,3.961726916092554,7.279393069737652,4.834074359731466,0.516687216579611,3.5492466087701002,0.9536092127300355,0.25199094821069634,7.281164373361664,0
2.809631895922303,4.348273386037462,6.954672066898622,4.964611523552998,8.635475225145452,5.047955983045282,0.5198935197770749,4.500586394262252,3.5483185554316266,6.00251410099583,1
9.504114840765588,2.464020332391068,3.885581012703457,4.3685070261517955,5.887315221313198,7.184539473225501,0.3174376537298862,3.3745427896422897,7.802126485356336,7.312505893473751,1
8.902637838909163,8.191023176741997,4.486936226225307,7.295082286523967,3.753299079196019,8.626404711491789,4.233351441531975,8.706884554574394,5.638929210554023,7.697466228570872,1
4.55656752785713,7.994158789689792,2.375441308743275,7.6551289899110975,2.857835555258702,1.7925561190779005,0.8456537809723785,0.8352491468001877,2.611624325108602,9.754103676847452,0
6.201325978015367,6.946964708544268,3.732517916293401,1.5890816766935356,2.0322309108608727,8.000034817636815,6.068469555401391,2.111259425580374,6.949531193430477,5.7356328002670995,1
2.7738118298113266,2.7214513722996267,2.2726962726315145,6.102251494776413,7.617981913776973,5.527070757185452,8.809730056396575,7.524683375864943,5.673909441560734,3.4164111269060182,1
1.881211597237613,5.902306668690871,0.7319592376844364,1.3535408227768553,3.8654050682302787,3.965536819899632,8.829148165187222,0.5129384898121558,7.962436094563872,6.484645569002371,0
4.636984049399821,3.6097389694002677,6.034485933813779,7.513750860290457,5.112754622007511,1.3171502857909356,6.590454101322324,4.925353807142892,7.350251861898234,0.6844070924262613,0
3.533522280260528,0.9158207332663415,6.682127985550163,6.569551562671395,4.9232548000118195,8.652957589089125,2.1123183147293103,4.4210703467972,6.1010792203623465,8.973973183215863,0
5.836561118508721,9.173135754622429,6.194903460096145,9.56614621083458,5.772790292331313,1.5727320817971535,8.629968313588721,3.3440117898874866,4.88177675310814,1.1938101133819679,1
0.7773463696498484,1.368186309189614,4.6349404380057235,0.6895801635642118,8.655771456245523,3.0978785920909924,8.860934353132082,3.945723153189238,1.331821256675234,3.2784283788581825,1
9.743948076661665,9.502373538208024,3.797857801792298,0.5705472115125432,9.807393435834294,2.9004553196243688,1.966535849529587,5.29940586930233,2.613330178853838,8.15745380626121,1
9.86210744479603,4.460057729579558,8.633336495718252,2.8218707469320012,4.075842085738169,8.714140341908543,7.374260857706773,1.6136735838838312,4.1909947291708525,5.973123783307118,1
